발생연도,성별,국제질병분류,암종,발생자수
1999,남녀전체,C00-C96,모든암,101857
1999,남녀전체,C00-C14,"입술, 구강 및 인두",1739
1999,남녀전체,C15,식도,1861
1999,남녀전체,C16,위,20901
1999,남녀전체,C18-C20,대장,9780
1999,남녀전체,C22,간,13262
1999,남녀전체,C23-C24,담낭 및 기타담도,3047
1999,남녀전체,C25,췌장,2614
1999,남녀전체,C32,후두,1101
1999,남녀전체,C33-C34,폐,13230
1999,남녀전체,C50,유방,5880
1999,남녀전체,C53,자궁경부,4486
1999,남녀전체,C54,자궁체부,728
1999,남녀전체,C56,난소,1353
1999,남녀전체,C61,전립선,1454
1999,남녀전체,C62,고환,129
1999,남녀전체,C64,신장,1418
1999,남녀전체,C67,방광,2195
1999,남녀전체,C70-C72,뇌 및 중추신경계,1360
1999,남녀전체,C73,갑상선,3411
1999,남녀전체,C81,호지킨림프종,123
1999,남녀전체,"C82-C86,C96",비호지킨림프종,2105
1999,남녀전체,C90,다발성 골수종,468
1999,남녀전체,C91-C95,백혈병,2125
1999,남녀전체,Re.C00-C96,기타 암,7087
1999,남자,C00-C96,모든암,57891
1999,남자,C00-C14,"입술, 구강 및 인두",1307
1999,남자,C15,식도,1705
1999,남자,C16,위,13567
1999,남자,C18-C20,대장,5338
1999,남자,C22,간,10022
1999,남자,C23-C24,담낭 및 기타담도,1568
1999,남자,C25,췌장,1530
1999,남자,C32,후두,975
1999,남자,C33-C34,폐,9744
1999,남자,C50,유방,41
1999,남자,C53,자궁경부,0
1999,남자,C54,자궁체부,0
1999,남자,C56,난소,0
1999,남자,C61,전립선,1454
1999,남자,C62,고환,129
1999,남자,C64,신장,978
1999,남자,C67,방광,1744
1999,남자,C70-C72,뇌 및 중추신경계,712
1999,남자,C73,갑상선,518
1999,남자,C81,호지킨림프종,86
1999,남자,"C82-C86,C96",비호지킨림프종,1254
1999,남자,C90,다발성 골수종,256
1999,남자,C91-C95,백혈병,1188
1999,남자,Re.C00-C96,기타 암,3775
1999,여자,C00-C96,모든암,43966
1999,여자,C00-C14,"입술, 구강 및 인두",432
1999,여자,C15,식도,156
1999,여자,C16,위,7334
1999,여자,C18-C20,대장,4442
1999,여자,C22,간,3240
1999,여자,C23-C24,담낭 및 기타담도,1479
1999,여자,C25,췌장,1084
1999,여자,C32,후두,126
1999,여자,C33-C34,폐,3486
1999,여자,C50,유방,5839
1999,여자,C53,자궁경부,4486
1999,여자,C54,자궁체부,728
1999,여자,C56,난소,1353
1999,여자,C61,전립선,0
1999,여자,C62,고환,0
1999,여자,C64,신장,440
1999,여자,C67,방광,451
1999,여자,C70-C72,뇌 및 중추신경계,648
1999,여자,C73,갑상선,2893
1999,여자,C81,호지킨림프종,37
1999,여자,"C82-C86,C96",비호지킨림프종,851
1999,여자,C90,다발성 골수종,212
1999,여자,C91-C95,백혈병,937
1999,여자,Re.C00-C96,기타 암,3312
2000,남녀전체,C00-C96,모든암,103103
2000,남녀전체,C00-C14,"입술, 구강 및 인두",2209
2000,남녀전체,C15,식도,1767
2000,남녀전체,C16,위,21081
2000,남녀전체,C18-C20,대장,10497
2000,남녀전체,C22,간,13088
2000,남녀전체,C23-C24,담낭 및 기타담도,3130
2000,남녀전체,C25,췌장,2710
2000,남녀전체,C32,후두,1044
2000,남녀전체,C33-C34,폐,13419
2000,남녀전체,C50,유방,6095
2000,남녀전체,C53,자궁경부,4353
2000,남녀전체,C54,자궁체부,729
2000,남녀전체,C56,난소,1304
2000,남녀전체,C61,전립선,1370
2000,남녀전체,C62,고환,134
2000,남녀전체,C64,신장,1462
2000,남녀전체,C67,방광,2261
2000,남녀전체,C70-C72,뇌 및 중추신경계,1353
2000,남녀전체,C73,갑상선,3430
2000,남녀전체,C81,호지킨림프종,134
2000,남녀전체,"C82-C86,C96",비호지킨림프종,2038
2000,남녀전체,C90,다발성 골수종,492
2000,남녀전체,C91-C95,백혈병,2008
2000,남녀전체,Re.C00-C96,기타 암,6995
2000,남자,C00-C96,모든암,58538
2000,남자,C00-C14,"입술, 구강 및 인두",1493
2000,남자,C15,식도,1602
2000,남자,C16,위,13897
2000,남자,C18-C20,대장,5861
2000,남자,C22,간,9879
2000,남자,C23-C24,담낭 및 기타담도,1554
2000,남자,C25,췌장,1577
2000,남자,C32,후두,950
2000,남자,C33-C34,폐,9819
2000,남자,C50,유방,59
2000,남자,C53,자궁경부,0
2000,남자,C54,자궁체부,0
2000,남자,C56,난소,0
2000,남자,C61,전립선,1370
2000,남자,C62,고환,134
2000,남자,C64,신장,994
2000,남자,C67,방광,1805
2000,남자,C70-C72,뇌 및 중추신경계,715
2000,남자,C73,갑상선,503
2000,남자,C81,호지킨림프종,90
2000,남자,"C82-C86,C96",비호지킨림프종,1223
2000,남자,C90,다발성 골수종,275
2000,남자,C91-C95,백혈병,1107
2000,남자,Re.C00-C96,기타 암,3631
2000,여자,C00-C96,모든암,44565
2000,여자,C00-C14,"입술, 구강 및 인두",716
2000,여자,C15,식도,165
2000,여자,C16,위,7184
2000,여자,C18-C20,대장,4636
2000,여자,C22,간,3209
2000,여자,C23-C24,담낭 및 기타담도,1576
2000,여자,C25,췌장,1133
2000,여자,C32,후두,94
2000,여자,C33-C34,폐,3600
2000,여자,C50,유방,6036
2000,여자,C53,자궁경부,4353
2000,여자,C54,자궁체부,729
2000,여자,C56,난소,1304
2000,여자,C61,전립선,0
2000,여자,C62,고환,0
2000,여자,C64,신장,468
2000,여자,C67,방광,456
2000,여자,C70-C72,뇌 및 중추신경계,638
2000,여자,C73,갑상선,2927
2000,여자,C81,호지킨림프종,44
2000,여자,"C82-C86,C96",비호지킨림프종,815
2000,여자,C90,다발성 골수종,217
2000,여자,C91-C95,백혈병,901
2000,여자,Re.C00-C96,기타 암,3364
2001,남녀전체,C00-C96,모든암,112461
2001,남녀전체,C00-C14,"입술, 구강 및 인두",1865
2001,남녀전체,C15,식도,1918
2001,남녀전체,C16,위,22614
2001,남녀전체,C18-C20,대장,11777
2001,남녀전체,C22,간,13824
2001,남녀전체,C23-C24,담낭 및 기타담도,3430
2001,남녀전체,C25,췌장,2786
2001,남녀전체,C32,후두,1179
2001,남녀전체,C33-C34,폐,14193
2001,남녀전체,C50,유방,7346
2001,남녀전체,C53,자궁경부,4655
2001,남녀전체,C54,자궁체부,839
2001,남녀전체,C56,난소,1351
2001,남녀전체,C61,전립선,1871
2001,남녀전체,C62,고환,144
2001,남녀전체,C64,신장,1676
2001,남녀전체,C67,방광,2511
2001,남녀전체,C70-C72,뇌 및 중추신경계,1379
2001,남녀전체,C73,갑상선,4508
2001,남녀전체,C81,호지킨림프종,148
2001,남녀전체,"C82-C86,C96",비호지킨림프종,2241
2001,남녀전체,C90,다발성 골수종,565
2001,남녀전체,C91-C95,백혈병,2208
2001,남녀전체,Re.C00-C96,기타 암,7433
2001,남자,C00-C96,모든암,63272
2001,남자,C00-C14,"입술, 구강 및 인두",1387
2001,남자,C15,식도,1741
2001,남자,C16,위,14920
2001,남자,C18-C20,대장,6575
2001,남자,C22,간,10388
2001,남자,C23-C24,담낭 및 기타담도,1710
2001,남자,C25,췌장,1589
2001,남자,C32,후두,1088
2001,남자,C33-C34,폐,10513
2001,남자,C50,유방,48
2001,남자,C53,자궁경부,0
2001,남자,C54,자궁체부,0
2001,남자,C56,난소,0
2001,남자,C61,전립선,1871
2001,남자,C62,고환,144
2001,남자,C64,신장,1140
2001,남자,C67,방광,1982
2001,남자,C70-C72,뇌 및 중추신경계,732
2001,남자,C73,갑상선,630
2001,남자,C81,호지킨림프종,100
2001,남자,"C82-C86,C96",비호지킨림프종,1335
2001,남자,C90,다발성 골수종,313
2001,남자,C91-C95,백혈병,1211
2001,남자,Re.C00-C96,기타 암,3855
2001,여자,C00-C96,모든암,49189
2001,여자,C00-C14,"입술, 구강 및 인두",478
2001,여자,C15,식도,177
2001,여자,C16,위,7694
2001,여자,C18-C20,대장,5202
2001,여자,C22,간,3436
2001,여자,C23-C24,담낭 및 기타담도,1720
2001,여자,C25,췌장,1197
2001,여자,C32,후두,91
2001,여자,C33-C34,폐,3680
2001,여자,C50,유방,7298
2001,여자,C53,자궁경부,4655
2001,여자,C54,자궁체부,839
2001,여자,C56,난소,1351
2001,여자,C61,전립선,0
2001,여자,C62,고환,0
2001,여자,C64,신장,536
2001,여자,C67,방광,529
2001,여자,C70-C72,뇌 및 중추신경계,647
2001,여자,C73,갑상선,3878
2001,여자,C81,호지킨림프종,48
2001,여자,"C82-C86,C96",비호지킨림프종,906
2001,여자,C90,다발성 골수종,252
2001,여자,C91-C95,백혈병,997
2001,여자,Re.C00-C96,기타 암,3578
2002,남녀전체,C00-C96,모든암,118786
2002,남녀전체,C00-C14,"입술, 구강 및 인두",1994
2002,남녀전체,C15,식도,1954
2002,남녀전체,C16,위,23308
2002,남녀전체,C18-C20,대장,13242
2002,남녀전체,C22,간,13994
2002,남녀전체,C23-C24,담낭 및 기타담도,3568
2002,남녀전체,C25,췌장,3069
2002,남녀전체,C32,후두,1133
2002,남녀전체,C33-C34,폐,14970
2002,남녀전체,C50,유방,8305
2002,남녀전체,C53,자궁경부,4495
2002,남녀전체,C54,자궁체부,945
2002,남녀전체,C56,난소,1470
2002,남녀전체,C61,전립선,2142
2002,남녀전체,C62,고환,155
2002,남녀전체,C64,신장,1780
2002,남녀전체,C67,방광,2505
2002,남녀전체,C70-C72,뇌 및 중추신경계,1311
2002,남녀전체,C73,갑상선,5558
2002,남녀전체,C81,호지킨림프종,145
2002,남녀전체,"C82-C86,C96",비호지킨림프종,2237
2002,남녀전체,C90,다발성 골수종,569
2002,남녀전체,C91-C95,백혈병,2319
2002,남녀전체,Re.C00-C96,기타 암,7618
2002,남자,C00-C96,모든암,66272
2002,남자,C00-C14,"입술, 구강 및 인두",1498
2002,남자,C15,식도,1793
2002,남자,C16,위,15316
2002,남자,C18-C20,대장,7564
2002,남자,C22,간,10512
2002,남자,C23-C24,담낭 및 기타담도,1759
2002,남자,C25,췌장,1761
2002,남자,C32,후두,1040
2002,남자,C33-C34,폐,11013
2002,남자,C50,유방,62
2002,남자,C53,자궁경부,0
2002,남자,C54,자궁체부,0
2002,남자,C56,난소,0
2002,남자,C61,전립선,2142
2002,남자,C62,고환,155
2002,남자,C64,신장,1207
2002,남자,C67,방광,1968
2002,남자,C70-C72,뇌 및 중추신경계,687
2002,남자,C73,갑상선,728
2002,남자,C81,호지킨림프종,83
2002,남자,"C82-C86,C96",비호지킨림프종,1320
2002,남자,C90,다발성 골수종,328
2002,남자,C91-C95,백혈병,1331
2002,남자,Re.C00-C96,기타 암,4005
2002,여자,C00-C96,모든암,52514
2002,여자,C00-C14,"입술, 구강 및 인두",496
2002,여자,C15,식도,161
2002,여자,C16,위,7992
2002,여자,C18-C20,대장,5678
2002,여자,C22,간,3482
2002,여자,C23-C24,담낭 및 기타담도,1809
2002,여자,C25,췌장,1308
2002,여자,C32,후두,93
2002,여자,C33-C34,폐,3957
2002,여자,C50,유방,8243
2002,여자,C53,자궁경부,4495
2002,여자,C54,자궁체부,945
2002,여자,C56,난소,1470
2002,여자,C61,전립선,0
2002,여자,C62,고환,0
2002,여자,C64,신장,573
2002,여자,C67,방광,537
2002,여자,C70-C72,뇌 및 중추신경계,624
2002,여자,C73,갑상선,4830
2002,여자,C81,호지킨림프종,62
2002,여자,"C82-C86,C96",비호지킨림프종,917
2002,여자,C90,다발성 골수종,241
2002,여자,C91-C95,백혈병,988
2002,여자,Re.C00-C96,기타 암,3613
2003,남녀전체,C00-C96,모든암,126060
2003,남녀전체,C00-C14,"입술, 구강 및 인두",2092
2003,남녀전체,C15,식도,1935
2003,남녀전체,C16,위,23957
2003,남녀전체,C18-C20,대장,14738
2003,남녀전체,C22,간,14105
2003,남녀전체,C23-C24,담낭 및 기타담도,3709
2003,남녀전체,C25,췌장,3225
2003,남녀전체,C32,후두,1119
2003,남녀전체,C33-C34,폐,15235
2003,남녀전체,C50,유방,8551
2003,남녀전체,C53,자궁경부,4386
2003,남녀전체,C54,자궁체부,1096
2003,남녀전체,C56,난소,1484
2003,남녀전체,C61,전립선,2673
2003,남녀전체,C62,고환,154
2003,남녀전체,C64,신장,1908
2003,남녀전체,C67,방광,2772
2003,남녀전체,C70-C72,뇌 및 중추신경계,1486
2003,남녀전체,C73,갑상선,7567
2003,남녀전체,C81,호지킨림프종,158
2003,남녀전체,"C82-C86,C96",비호지킨림프종,2359
2003,남녀전체,C90,다발성 골수종,617
2003,남녀전체,C91-C95,백혈병,2281
2003,남녀전체,Re.C00-C96,기타 암,8453
2003,남자,C00-C96,모든암,69764
2003,남자,C00-C14,"입술, 구강 및 인두",1588
2003,남자,C15,식도,1740
2003,남자,C16,위,15838
2003,남자,C18-C20,대장,8408
2003,남자,C22,간,10607
2003,남자,C23-C24,담낭 및 기타담도,1803
2003,남자,C25,췌장,1800
2003,남자,C32,후두,1033
2003,남자,C33-C34,폐,11229
2003,남자,C50,유방,58
2003,남자,C53,자궁경부,0
2003,남자,C54,자궁체부,0
2003,남자,C56,난소,0
2003,남자,C61,전립선,2673
2003,남자,C62,고환,154
2003,남자,C64,신장,1298
2003,남자,C67,방광,2199
2003,남자,C70-C72,뇌 및 중추신경계,806
2003,남자,C73,갑상선,1036
2003,남자,C81,호지킨림프종,112
2003,남자,"C82-C86,C96",비호지킨림프종,1377
2003,남자,C90,다발성 골수종,332
2003,남자,C91-C95,백혈병,1249
2003,남자,Re.C00-C96,기타 암,4424
2003,여자,C00-C96,모든암,56296
2003,여자,C00-C14,"입술, 구강 및 인두",504
2003,여자,C15,식도,195
2003,여자,C16,위,8119
2003,여자,C18-C20,대장,6330
2003,여자,C22,간,3498
2003,여자,C23-C24,담낭 및 기타담도,1906
2003,여자,C25,췌장,1425
2003,여자,C32,후두,86
2003,여자,C33-C34,폐,4006
2003,여자,C50,유방,8493
2003,여자,C53,자궁경부,4386
2003,여자,C54,자궁체부,1096
2003,여자,C56,난소,1484
2003,여자,C61,전립선,0
2003,여자,C62,고환,0
2003,여자,C64,신장,610
2003,여자,C67,방광,573
2003,여자,C70-C72,뇌 및 중추신경계,680
2003,여자,C73,갑상선,6531
2003,여자,C81,호지킨림프종,46
2003,여자,"C82-C86,C96",비호지킨림프종,982
2003,여자,C90,다발성 골수종,285
2003,여자,C91-C95,백혈병,1032
2003,여자,Re.C00-C96,기타 암,4029
2004,남녀전체,C00-C96,모든암,134829
2004,남녀전체,C00-C14,"입술, 구강 및 인두",2163
2004,남녀전체,C15,식도,1986
2004,남녀전체,C16,위,23651
2004,남녀전체,C18-C20,대장,16337
2004,남녀전체,C22,간,14496
2004,남녀전체,C23-C24,담낭 및 기타담도,3987
2004,남녀전체,C25,췌장,3409
2004,남녀전체,C32,후두,1084
2004,남녀전체,C33-C34,폐,16378
2004,남녀전체,C50,유방,9249
2004,남녀전체,C53,자궁경부,4144
2004,남녀전체,C54,자궁체부,1125
2004,남녀전체,C56,난소,1562
2004,남녀전체,C61,전립선,3423
2004,남녀전체,C62,고환,155
2004,남녀전체,C64,신장,2099
2004,남녀전체,C67,방광,2916
2004,남녀전체,C70-C72,뇌 및 중추신경계,1541
2004,남녀전체,C73,갑상선,10456
2004,남녀전체,C81,호지킨림프종,206
2004,남녀전체,"C82-C86,C96",비호지킨림프종,2567
2004,남녀전체,C90,다발성 골수종,679
2004,남녀전체,C91-C95,백혈병,2372
2004,남녀전체,Re.C00-C96,기타 암,8844
2004,남자,C00-C96,모든암,73884
2004,남자,C00-C14,"입술, 구강 및 인두",1578
2004,남자,C15,식도,1823
2004,남자,C16,위,15630
2004,남자,C18-C20,대장,9458
2004,남자,C22,간,10927
2004,남자,C23-C24,담낭 및 기타담도,2010
2004,남자,C25,췌장,1922
2004,남자,C32,후두,991
2004,남자,C33-C34,폐,11989
2004,남자,C50,유방,51
2004,남자,C53,자궁경부,0
2004,남자,C54,자궁체부,0
2004,남자,C56,난소,0
2004,남자,C61,전립선,3423
2004,남자,C62,고환,155
2004,남자,C64,신장,1421
2004,남자,C67,방광,2332
2004,남자,C70-C72,뇌 및 중추신경계,811
2004,남자,C73,갑상선,1422
2004,남자,C81,호지킨림프종,147
2004,남자,"C82-C86,C96",비호지킨림프종,1511
2004,남자,C90,다발성 골수종,363
2004,남자,C91-C95,백혈병,1321
2004,남자,Re.C00-C96,기타 암,4599
2004,여자,C00-C96,모든암,60945
2004,여자,C00-C14,"입술, 구강 및 인두",585
2004,여자,C15,식도,163
2004,여자,C16,위,8021
2004,여자,C18-C20,대장,6879
2004,여자,C22,간,3569
2004,여자,C23-C24,담낭 및 기타담도,1977
2004,여자,C25,췌장,1487
2004,여자,C32,후두,93
2004,여자,C33-C34,폐,4389
2004,여자,C50,유방,9198
2004,여자,C53,자궁경부,4144
2004,여자,C54,자궁체부,1125
2004,여자,C56,난소,1562
2004,여자,C61,전립선,0
2004,여자,C62,고환,0
2004,여자,C64,신장,678
2004,여자,C67,방광,584
2004,여자,C70-C72,뇌 및 중추신경계,730
2004,여자,C73,갑상선,9034
2004,여자,C81,호지킨림프종,59
2004,여자,"C82-C86,C96",비호지킨림프종,1056
2004,여자,C90,다발성 골수종,316
2004,여자,C91-C95,백혈병,1051
2004,여자,Re.C00-C96,기타 암,4245
2005,남녀전체,C00-C96,모든암,147394
2005,남녀전체,C00-C14,"입술, 구강 및 인두",2253
2005,남녀전체,C15,식도,2049
2005,남녀전체,C16,위,26376
2005,남녀전체,C18-C20,대장,18355
2005,남녀전체,C22,간,15158
2005,남녀전체,C23-C24,담낭 및 기타담도,4282
2005,남녀전체,C25,췌장,3758
2005,남녀전체,C32,후두,1161
2005,남녀전체,C33-C34,폐,17272
2005,남녀전체,C50,유방,10325
2005,남녀전체,C53,자궁경부,4047
2005,남녀전체,C54,자궁체부,1217
2005,남녀전체,C56,난소,1681
2005,남녀전체,C61,전립선,3764
2005,남녀전체,C62,고환,154
2005,남녀전체,C64,신장,2387
2005,남녀전체,C67,방광,3056
2005,남녀전체,C70-C72,뇌 및 중추신경계,1616
2005,남녀전체,C73,갑상선,12833
2005,남녀전체,C81,호지킨림프종,158
2005,남녀전체,"C82-C86,C96",비호지킨림프종,2596
2005,남녀전체,C90,다발성 골수종,795
2005,남녀전체,C91-C95,백혈병,2345
2005,남녀전체,Re.C00-C96,기타 암,9756
2005,남자,C00-C96,모든암,79894
2005,남자,C00-C14,"입술, 구강 및 인두",1624
2005,남자,C15,식도,1890
2005,남자,C16,위,17404
2005,남자,C18-C20,대장,10688
2005,남자,C22,간,11424
2005,남자,C23-C24,담낭 및 기타담도,2147
2005,남자,C25,췌장,2076
2005,남자,C32,후두,1077
2005,남자,C33-C34,폐,12522
2005,남자,C50,유방,57
2005,남자,C53,자궁경부,0
2005,남자,C54,자궁체부,0
2005,남자,C56,난소,0
2005,남자,C61,전립선,3764
2005,남자,C62,고환,154
2005,남자,C64,신장,1624
2005,남자,C67,방광,2450
2005,남자,C70-C72,뇌 및 중추신경계,846
2005,남자,C73,갑상선,1787
2005,남자,C81,호지킨림프종,105
2005,남자,"C82-C86,C96",비호지킨림프종,1505
2005,남자,C90,다발성 골수종,407
2005,남자,C91-C95,백혈병,1330
2005,남자,Re.C00-C96,기타 암,5013
2005,여자,C00-C96,모든암,67500
2005,여자,C00-C14,"입술, 구강 및 인두",629
2005,여자,C15,식도,159
2005,여자,C16,위,8972
2005,여자,C18-C20,대장,7667
2005,여자,C22,간,3734
2005,여자,C23-C24,담낭 및 기타담도,2135
2005,여자,C25,췌장,1682
2005,여자,C32,후두,84
2005,여자,C33-C34,폐,4750
2005,여자,C50,유방,10268
2005,여자,C53,자궁경부,4047
2005,여자,C54,자궁체부,1217
2005,여자,C56,난소,1681
2005,여자,C61,전립선,0
2005,여자,C62,고환,0
2005,여자,C64,신장,763
2005,여자,C67,방광,606
2005,여자,C70-C72,뇌 및 중추신경계,770
2005,여자,C73,갑상선,11046
2005,여자,C81,호지킨림프종,53
2005,여자,"C82-C86,C96",비호지킨림프종,1091
2005,여자,C90,다발성 골수종,388
2005,여자,C91-C95,백혈병,1015
2005,여자,Re.C00-C96,기타 암,4743
2006,남녀전체,C00-C96,모든암,155120
2006,남녀전체,C00-C14,"입술, 구강 및 인두",2312
2006,남녀전체,C15,식도,2049
2006,남녀전체,C16,위,26463
2006,남녀전체,C18-C20,대장,19941
2006,남녀전체,C22,간,14994
2006,남녀전체,C23-C24,담낭 및 기타담도,4147
2006,남녀전체,C25,췌장,3802
2006,남녀전체,C32,후두,1073
2006,남녀전체,C33-C34,폐,17767
2006,남녀전체,C50,유방,10965
2006,남녀전체,C53,자궁경부,4069
2006,남녀전체,C54,자궁체부,1293
2006,남녀전체,C56,난소,1716
2006,남녀전체,C61,전립선,4535
2006,남녀전체,C62,고환,182
2006,남녀전체,C64,신장,2667
2006,남녀전체,C67,방광,3092
2006,남녀전체,C70-C72,뇌 및 중추신경계,1565
2006,남녀전체,C73,갑상선,16200
2006,남녀전체,C81,호지킨림프종,177
2006,남녀전체,"C82-C86,C96",비호지킨림프종,2773
2006,남녀전체,C90,다발성 골수종,771
2006,남녀전체,C91-C95,백혈병,2446
2006,남녀전체,Re.C00-C96,기타 암,10121
2006,남자,C00-C96,모든암,83079
2006,남자,C00-C14,"입술, 구강 및 인두",1704
2006,남자,C15,식도,1880
2006,남자,C16,위,17756
2006,남자,C18-C20,대장,11695
2006,남자,C22,간,11237
2006,남자,C23-C24,담낭 및 기타담도,2135
2006,남자,C25,췌장,2094
2006,남자,C32,후두,996
2006,남자,C33-C34,폐,12705
2006,남자,C50,유방,51
2006,남자,C53,자궁경부,0
2006,남자,C54,자궁체부,0
2006,남자,C56,난소,0
2006,남자,C61,전립선,4535
2006,남자,C62,고환,182
2006,남자,C64,신장,1820
2006,남자,C67,방광,2504
2006,남자,C70-C72,뇌 및 중추신경계,812
2006,남자,C73,갑상선,2345
2006,남자,C81,호지킨림프종,109
2006,남자,"C82-C86,C96",비호지킨림프종,1650
2006,남자,C90,다발성 골수종,385
2006,남자,C91-C95,백혈병,1345
2006,남자,Re.C00-C96,기타 암,5139
2006,여자,C00-C96,모든암,72041
2006,여자,C00-C14,"입술, 구강 및 인두",608
2006,여자,C15,식도,169
2006,여자,C16,위,8707
2006,여자,C18-C20,대장,8246
2006,여자,C22,간,3757
2006,여자,C23-C24,담낭 및 기타담도,2012
2006,여자,C25,췌장,1708
2006,여자,C32,후두,77
2006,여자,C33-C34,폐,5062
2006,여자,C50,유방,10914
2006,여자,C53,자궁경부,4069
2006,여자,C54,자궁체부,1293
2006,여자,C56,난소,1716
2006,여자,C61,전립선,0
2006,여자,C62,고환,0
2006,여자,C64,신장,847
2006,여자,C67,방광,588
2006,여자,C70-C72,뇌 및 중추신경계,753
2006,여자,C73,갑상선,13855
2006,여자,C81,호지킨림프종,68
2006,여자,"C82-C86,C96",비호지킨림프종,1123
2006,여자,C90,다발성 골수종,386
2006,여자,C91-C95,백혈병,1101
2006,여자,Re.C00-C96,기타 암,4982
2007,남녀전체,C00-C96,모든암,168317
2007,남녀전체,C00-C14,"입술, 구강 및 인두",2467
2007,남녀전체,C15,식도,2112
2007,남녀전체,C16,위,26854
2007,남녀전체,C18-C20,대장,21568
2007,남녀전체,C22,간,15424
2007,남녀전체,C23-C24,담낭 및 기타담도,4401
2007,남녀전체,C25,췌장,4083
2007,남녀전체,C32,후두,1121
2007,남녀전체,C33-C34,폐,18498
2007,남녀전체,C50,유방,12052
2007,남녀전체,C53,자궁경부,3790
2007,남녀전체,C54,자궁체부,1391
2007,남녀전체,C56,난소,1931
2007,남녀전체,C61,전립선,5574
2007,남녀전체,C62,고환,182
2007,남녀전체,C64,신장,2969
2007,남녀전체,C67,방광,3249
2007,남녀전체,C70-C72,뇌 및 중추신경계,1683
2007,남녀전체,C73,갑상선,21331
2007,남녀전체,C81,호지킨림프종,205
2007,남녀전체,"C82-C86,C96",비호지킨림프종,2936
2007,남녀전체,C90,다발성 골수종,890
2007,남녀전체,C91-C95,백혈병,2476
2007,남녀전체,Re.C00-C96,기타 암,11130
2007,남자,C00-C96,모든암,88670
2007,남자,C00-C14,"입술, 구강 및 인두",1818
2007,남자,C15,식도,1907
2007,남자,C16,위,17907
2007,남자,C18-C20,대장,12790
2007,남자,C22,간,11530
2007,남자,C23-C24,담낭 및 기타담도,2191
2007,남자,C25,췌장,2273
2007,남자,C32,후두,1054
2007,남자,C33-C34,폐,13227
2007,남자,C50,유방,35
2007,남자,C53,자궁경부,0
2007,남자,C54,자궁체부,0
2007,남자,C56,난소,0
2007,남자,C61,전립선,5574
2007,남자,C62,고환,182
2007,남자,C64,신장,2047
2007,남자,C67,방광,2579
2007,남자,C70-C72,뇌 및 중추신경계,880
2007,남자,C73,갑상선,3200
2007,남자,C81,호지킨림프종,131
2007,남자,"C82-C86,C96",비호지킨림프종,1742
2007,남자,C90,다발성 골수종,460
2007,남자,C91-C95,백혈병,1388
2007,남자,Re.C00-C96,기타 암,5755
2007,여자,C00-C96,모든암,79647
2007,여자,C00-C14,"입술, 구강 및 인두",649
2007,여자,C15,식도,205
2007,여자,C16,위,8947
2007,여자,C18-C20,대장,8778
2007,여자,C22,간,3894
2007,여자,C23-C24,담낭 및 기타담도,2210
2007,여자,C25,췌장,1810
2007,여자,C32,후두,67
2007,여자,C33-C34,폐,5271
2007,여자,C50,유방,12017
2007,여자,C53,자궁경부,3790
2007,여자,C54,자궁체부,1391
2007,여자,C56,난소,1931
2007,여자,C61,전립선,0
2007,여자,C62,고환,0
2007,여자,C64,신장,922
2007,여자,C67,방광,670
2007,여자,C70-C72,뇌 및 중추신경계,803
2007,여자,C73,갑상선,18131
2007,여자,C81,호지킨림프종,74
2007,여자,"C82-C86,C96",비호지킨림프종,1194
2007,여자,C90,다발성 골수종,430
2007,여자,C91-C95,백혈병,1088
2007,여자,Re.C00-C96,기타 암,5375
2008,남녀전체,C00-C96,모든암,182893
2008,남녀전체,C00-C14,"입술, 구강 및 인두",2640
2008,남녀전체,C15,식도,2205
2008,남녀전체,C16,위,28427
2008,남녀전체,C18-C20,대장,23275
2008,남녀전체,C22,간,15815
2008,남녀전체,C23-C24,담낭 및 기타담도,4564
2008,남녀전체,C25,췌장,4381
2008,남녀전체,C32,후두,1108
2008,남녀전체,C33-C34,폐,19204
2008,남녀전체,C50,유방,12919
2008,남녀전체,C53,자궁경부,4034
2008,남녀전체,C54,자궁체부,1595
2008,남녀전체,C56,난소,1905
2008,남녀전체,C61,전립선,6651
2008,남녀전체,C62,고환,177
2008,남녀전체,C64,신장,3268
2008,남녀전체,C67,방광,3343
2008,남녀전체,C70-C72,뇌 및 중추신경계,1693
2008,남녀전체,C73,갑상선,27373
2008,남녀전체,C81,호지킨림프종,219
2008,남녀전체,"C82-C86,C96",비호지킨림프종,3006
2008,남녀전체,C90,다발성 골수종,918
2008,남녀전체,C91-C95,백혈병,2601
2008,남녀전체,Re.C00-C96,기타 암,11572
2008,남자,C00-C96,모든암,95055
2008,남자,C00-C14,"입술, 구강 및 인두",1954
2008,남자,C15,식도,2008
2008,남자,C16,위,19116
2008,남자,C18-C20,대장,13946
2008,남자,C22,간,11906
2008,남자,C23-C24,담낭 및 기타담도,2260
2008,남자,C25,췌장,2442
2008,남자,C32,후두,1032
2008,남자,C33-C34,폐,13645
2008,남자,C50,유방,76
2008,남자,C53,자궁경부,0
2008,남자,C54,자궁체부,0
2008,남자,C56,난소,0
2008,남자,C61,전립선,6651
2008,남자,C62,고환,177
2008,남자,C64,신장,2252
2008,남자,C67,방광,2675
2008,남자,C70-C72,뇌 및 중추신경계,903
2008,남자,C73,갑상선,4349
2008,남자,C81,호지킨림프종,131
2008,남자,"C82-C86,C96",비호지킨림프종,1748
2008,남자,C90,다발성 골수종,493
2008,남자,C91-C95,백혈병,1453
2008,남자,Re.C00-C96,기타 암,5838
2008,여자,C00-C96,모든암,87838
2008,여자,C00-C14,"입술, 구강 및 인두",686
2008,여자,C15,식도,197
2008,여자,C16,위,9311
2008,여자,C18-C20,대장,9329
2008,여자,C22,간,3909
2008,여자,C23-C24,담낭 및 기타담도,2304
2008,여자,C25,췌장,1939
2008,여자,C32,후두,76
2008,여자,C33-C34,폐,5559
2008,여자,C50,유방,12843
2008,여자,C53,자궁경부,4034
2008,여자,C54,자궁체부,1595
2008,여자,C56,난소,1905
2008,여자,C61,전립선,0
2008,여자,C62,고환,0
2008,여자,C64,신장,1016
2008,여자,C67,방광,668
2008,여자,C70-C72,뇌 및 중추신경계,790
2008,여자,C73,갑상선,23024
2008,여자,C81,호지킨림프종,88
2008,여자,"C82-C86,C96",비호지킨림프종,1258
2008,여자,C90,다발성 골수종,425
2008,여자,C91-C95,백혈병,1148
2008,여자,Re.C00-C96,기타 암,5734
2009,남녀전체,C00-C96,모든암,196898
2009,남녀전체,C00-C14,"입술, 구강 및 인두",2594
2009,남녀전체,C15,식도,2175
2009,남녀전체,C16,위,30066
2009,남녀전체,C18-C20,대장,25577
2009,남녀전체,C22,간,16041
2009,남녀전체,C23-C24,담낭 및 기타담도,5032
2009,남녀전체,C25,췌장,4505
2009,남녀전체,C32,후두,1171
2009,남녀전체,C33-C34,폐,20147
2009,남녀전체,C50,유방,13737
2009,남녀전체,C53,자궁경부,3852
2009,남녀전체,C54,자궁체부,1750
2009,남녀전체,C56,난소,1859
2009,남녀전체,C61,전립선,7570
2009,남녀전체,C62,고환,202
2009,남녀전체,C64,신장,3523
2009,남녀전체,C67,방광,3336
2009,남녀전체,C70-C72,뇌 및 중추신경계,1725
2009,남녀전체,C73,갑상선,32586
2009,남녀전체,C81,호지킨림프종,220
2009,남녀전체,"C82-C86,C96",비호지킨림프종,3240
2009,남녀전체,C90,다발성 골수종,1039
2009,남녀전체,C91-C95,백혈병,2714
2009,남녀전체,Re.C00-C96,기타 암,12237
2009,남자,C00-C96,모든암,101333
2009,남자,C00-C14,"입술, 구강 및 인두",1929
2009,남자,C15,식도,2011
2009,남자,C16,위,20155
2009,남자,C18-C20,대장,15422
2009,남자,C22,간,11990
2009,남자,C23-C24,담낭 및 기타담도,2528
2009,남자,C25,췌장,2477
2009,남자,C32,후두,1103
2009,남자,C33-C34,폐,14312
2009,남자,C50,유방,62
2009,남자,C53,자궁경부,0
2009,남자,C54,자궁체부,0
2009,남자,C56,난소,0
2009,남자,C61,전립선,7570
2009,남자,C62,고환,202
2009,남자,C64,신장,2376
2009,남자,C67,방광,2656
2009,남자,C70-C72,뇌 및 중추신경계,931
2009,남자,C73,갑상선,5255
2009,남자,C81,호지킨림프종,146
2009,남자,"C82-C86,C96",비호지킨림프종,1878
2009,남자,C90,다발성 골수종,577
2009,남자,C91-C95,백혈병,1503
2009,남자,Re.C00-C96,기타 암,6250
2009,여자,C00-C96,모든암,95565
2009,여자,C00-C14,"입술, 구강 및 인두",665
2009,여자,C15,식도,164
2009,여자,C16,위,9911
2009,여자,C18-C20,대장,10155
2009,여자,C22,간,4051
2009,여자,C23-C24,담낭 및 기타담도,2504
2009,여자,C25,췌장,2028
2009,여자,C32,후두,68
2009,여자,C33-C34,폐,5835
2009,여자,C50,유방,13675
2009,여자,C53,자궁경부,3852
2009,여자,C54,자궁체부,1750
2009,여자,C56,난소,1859
2009,여자,C61,전립선,0
2009,여자,C62,고환,0
2009,여자,C64,신장,1147
2009,여자,C67,방광,680
2009,여자,C70-C72,뇌 및 중추신경계,794
2009,여자,C73,갑상선,27331
2009,여자,C81,호지킨림프종,74
2009,여자,"C82-C86,C96",비호지킨림프종,1362
2009,여자,C90,다발성 골수종,462
2009,여자,C91-C95,백혈병,1211
2009,여자,Re.C00-C96,기타 암,5987
2010,남녀전체,C00-C96,모든암,208777
2010,남녀전체,C00-C14,"입술, 구강 및 인두",2832
2010,남녀전체,C15,식도,2252
2010,남녀전체,C16,위,30770
2010,남녀전체,C18-C20,대장,26767
2010,남녀전체,C22,간,16217
2010,남녀전체,C23-C24,담낭 및 기타담도,5182
2010,남녀전체,C25,췌장,4767
2010,남녀전체,C32,후두,1183
2010,남녀전체,C33-C34,폐,21373
2010,남녀전체,C50,유방,14759
2010,남녀전체,C53,자궁경부,4031
2010,남녀전체,C54,자궁체부,1812
2010,남녀전체,C56,난소,2081
2010,남녀전체,C61,전립선,8202
2010,남녀전체,C62,고환,211
2010,남녀전체,C64,신장,3691
2010,남녀전체,C67,방광,3553
2010,남녀전체,C70-C72,뇌 및 중추신경계,1811
2010,남녀전체,C73,갑상선,36873
2010,남녀전체,C81,호지킨림프종,249
2010,남녀전체,"C82-C86,C96",비호지킨림프종,3386
2010,남녀전체,C90,다발성 골수종,1081
2010,남녀전체,C91-C95,백혈병,2761
2010,남녀전체,Re.C00-C96,기타 암,12933
2010,남자,C00-C96,모든암,106359
2010,남자,C00-C14,"입술, 구강 및 인두",2009
2010,남자,C15,식도,2064
2010,남자,C16,위,20599
2010,남자,C18-C20,대장,16224
2010,남자,C22,간,12060
2010,남자,C23-C24,담낭 및 기타담도,2701
2010,남자,C25,췌장,2569
2010,남자,C32,후두,1107
2010,남자,C33-C34,폐,15064
2010,남자,C50,유방,70
2010,남자,C53,자궁경부,0
2010,남자,C54,자궁체부,0
2010,남자,C56,난소,0
2010,남자,C61,전립선,8202
2010,남자,C62,고환,211
2010,남자,C64,신장,2586
2010,남자,C67,방광,2863
2010,남자,C70-C72,뇌 및 중추신경계,971
2010,남자,C73,갑상선,6368
2010,남자,C81,호지킨림프종,172
2010,남자,"C82-C86,C96",비호지킨림프종,1955
2010,남자,C90,다발성 골수종,571
2010,남자,C91-C95,백혈병,1572
2010,남자,Re.C00-C96,기타 암,6421
2010,여자,C00-C96,모든암,102418
2010,여자,C00-C14,"입술, 구강 및 인두",823
2010,여자,C15,식도,188
2010,여자,C16,위,10171
2010,여자,C18-C20,대장,10543
2010,여자,C22,간,4157
2010,여자,C23-C24,담낭 및 기타담도,2481
2010,여자,C25,췌장,2198
2010,여자,C32,후두,76
2010,여자,C33-C34,폐,6309
2010,여자,C50,유방,14689
2010,여자,C53,자궁경부,4031
2010,여자,C54,자궁체부,1812
2010,여자,C56,난소,2081
2010,여자,C61,전립선,0
2010,여자,C62,고환,0
2010,여자,C64,신장,1105
2010,여자,C67,방광,690
2010,여자,C70-C72,뇌 및 중추신경계,840
2010,여자,C73,갑상선,30505
2010,여자,C81,호지킨림프종,77
2010,여자,"C82-C86,C96",비호지킨림프종,1431
2010,여자,C90,다발성 골수종,510
2010,여자,C91-C95,백혈병,1189
2010,여자,Re.C00-C96,기타 암,6512
2011,남녀전체,C00-C96,모든암,222996
2011,남녀전체,C00-C14,"입술, 구강 및 인두",2955
2011,남녀전체,C15,식도,2290
2011,남녀전체,C16,위,32041
2011,남녀전체,C18-C20,대장,28758
2011,남녀전체,C22,간,16434
2011,남녀전체,C23-C24,담낭 및 기타담도,5444
2011,남녀전체,C25,췌장,5185
2011,남녀전체,C32,후두,1136
2011,남녀전체,C33-C34,폐,22331
2011,남녀전체,C50,유방,16261
2011,남녀전체,C53,자궁경부,3828
2011,남녀전체,C54,자궁체부,1964
2011,남녀전체,C56,난소,2086
2011,남녀전체,C61,전립선,9159
2011,남녀전체,C62,고환,228
2011,남녀전체,C64,신장,4043
2011,남녀전체,C67,방광,3692
2011,남녀전체,C70-C72,뇌 및 중추신경계,1688
2011,남녀전체,C73,갑상선,41396
2011,남녀전체,C81,호지킨림프종,265
2011,남녀전체,"C82-C86,C96",비호지킨림프종,3666
2011,남녀전체,C90,다발성 골수종,1080
2011,남녀전체,C91-C95,백혈병,2902
2011,남녀전체,Re.C00-C96,기타 암,14164
2011,남자,C00-C96,모든암,112594
2011,남자,C00-C14,"입술, 구강 및 인두",2157
2011,남자,C15,식도,2092
2011,남자,C16,위,21592
2011,남자,C18-C20,대장,17558
2011,남자,C22,간,12190
2011,남자,C23-C24,담낭 및 기타담도,2749
2011,남자,C25,췌장,2864
2011,남자,C32,후두,1069
2011,남자,C33-C34,폐,15530
2011,남자,C50,유방,75
2011,남자,C53,자궁경부,0
2011,남자,C54,자궁체부,0
2011,남자,C56,난소,0
2011,남자,C61,전립선,9159
2011,남자,C62,고환,228
2011,남자,C64,신장,2764
2011,남자,C67,방광,2973
2011,남자,C70-C72,뇌 및 중추신경계,890
2011,남자,C73,갑상선,7121
2011,남자,C81,호지킨림프종,167
2011,남자,"C82-C86,C96",비호지킨림프종,2114
2011,남자,C90,다발성 골수종,609
2011,남자,C91-C95,백혈병,1622
2011,남자,Re.C00-C96,기타 암,7071
2011,여자,C00-C96,모든암,110402
2011,여자,C00-C14,"입술, 구강 및 인두",798
2011,여자,C15,식도,198
2011,여자,C16,위,10449
2011,여자,C18-C20,대장,11200
2011,여자,C22,간,4244
2011,여자,C23-C24,담낭 및 기타담도,2695
2011,여자,C25,췌장,2321
2011,여자,C32,후두,67
2011,여자,C33-C34,폐,6801
2011,여자,C50,유방,16186
2011,여자,C53,자궁경부,3828
2011,여자,C54,자궁체부,1964
2011,여자,C56,난소,2086
2011,여자,C61,전립선,0
2011,여자,C62,고환,0
2011,여자,C64,신장,1279
2011,여자,C67,방광,719
2011,여자,C70-C72,뇌 및 중추신경계,798
2011,여자,C73,갑상선,34275
2011,여자,C81,호지킨림프종,98
2011,여자,"C82-C86,C96",비호지킨림프종,1552
2011,여자,C90,다발성 골수종,471
2011,여자,C91-C95,백혈병,1280
2011,여자,Re.C00-C96,기타 암,7093
2012,남녀전체,C00-C96,모든암,228956
2012,남녀전체,C00-C14,"입술, 구강 및 인두",3013
2012,남녀전체,C15,식도,2391
2012,남녀전체,C16,위,31215
2012,남녀전체,C18-C20,대장,29617
2012,남녀전체,C22,간,16187
2012,남녀전체,C23-C24,담낭 및 기타담도,5579
2012,남녀전체,C25,췌장,5524
2012,남녀전체,C32,후두,1128
2012,남녀전체,C33-C34,폐,22646
2012,남녀전체,C50,유방,16873
2012,남녀전체,C53,자궁경부,3698
2012,남녀전체,C54,자궁체부,2014
2012,남녀전체,C56,난소,2239
2012,남녀전체,C61,전립선,9458
2012,남녀전체,C62,고환,248
2012,남녀전체,C64,신장,4226
2012,남녀전체,C67,방광,3644
2012,남녀전체,C70-C72,뇌 및 중추신경계,1751
2012,남녀전체,C73,갑상선,44798
2012,남녀전체,C81,호지킨림프종,269
2012,남녀전체,"C82-C86,C96",비호지킨림프종,3787
2012,남녀전체,C90,다발성 골수종,1295
2012,남녀전체,C91-C95,백혈병,2872
2012,남녀전체,Re.C00-C96,기타 암,14484
2012,남자,C00-C96,모든암,114713
2012,남자,C00-C14,"입술, 구강 및 인두",2206
2012,남자,C15,식도,2165
2012,남자,C16,위,21070
2012,남자,C18-C20,대장,17822
2012,남자,C22,간,12138
2012,남자,C23-C24,담낭 및 기타담도,2863
2012,남자,C25,췌장,3004
2012,남자,C32,후두,1064
2012,남자,C33-C34,폐,15679
2012,남자,C50,유방,70
2012,남자,C53,자궁경부,0
2012,남자,C54,자궁체부,0
2012,남자,C56,난소,0
2012,남자,C61,전립선,9458
2012,남자,C62,고환,248
2012,남자,C64,신장,2927
2012,남자,C67,방광,2933
2012,남자,C70-C72,뇌 및 중추신경계,955
2012,남자,C73,갑상선,8199
2012,남자,C81,호지킨림프종,179
2012,남자,"C82-C86,C96",비호지킨림프종,2199
2012,남자,C90,다발성 골수종,707
2012,남자,C91-C95,백혈병,1623
2012,남자,Re.C00-C96,기타 암,7204
2012,여자,C00-C96,모든암,114243
2012,여자,C00-C14,"입술, 구강 및 인두",807
2012,여자,C15,식도,226
2012,여자,C16,위,10145
2012,여자,C18-C20,대장,11795
2012,여자,C22,간,4049
2012,여자,C23-C24,담낭 및 기타담도,2716
2012,여자,C25,췌장,2520
2012,여자,C32,후두,64
2012,여자,C33-C34,폐,6967
2012,여자,C50,유방,16803
2012,여자,C53,자궁경부,3698
2012,여자,C54,자궁체부,2014
2012,여자,C56,난소,2239
2012,여자,C61,전립선,0
2012,여자,C62,고환,0
2012,여자,C64,신장,1299
2012,여자,C67,방광,711
2012,여자,C70-C72,뇌 및 중추신경계,796
2012,여자,C73,갑상선,36599
2012,여자,C81,호지킨림프종,90
2012,여자,"C82-C86,C96",비호지킨림프종,1588
2012,여자,C90,다발성 골수종,588
2012,여자,C91-C95,백혈병,1249
2012,여자,Re.C00-C96,기타 암,7280
2013,남녀전체,C00-C96,모든암,229659
2013,남녀전체,C00-C14,"입술, 구강 및 인두",3127
2013,남녀전체,C15,식도,2408
2013,남녀전체,C16,위,30532
2013,남녀전체,C18-C20,대장,28197
2013,남녀전체,C22,간,16050
2013,남녀전체,C23-C24,담낭 및 기타담도,5808
2013,남녀전체,C25,췌장,5592
2013,남녀전체,C32,후두,1222
2013,남녀전체,C33-C34,폐,23655
2013,남녀전체,C50,유방,17578
2013,남녀전체,C53,자궁경부,3727
2013,남녀전체,C54,자궁체부,2261
2013,남녀전체,C56,난소,2301
2013,남녀전체,C61,전립선,9742
2013,남녀전체,C62,고환,258
2013,남녀전체,C64,신장,4391
2013,남녀전체,C67,방광,3891
2013,남녀전체,C70-C72,뇌 및 중추신경계,1878
2013,남녀전체,C73,갑상선,43124
2013,남녀전체,C81,호지킨림프종,265
2013,남녀전체,"C82-C86,C96",비호지킨림프종,4009
2013,남녀전체,C90,다발성 골수종,1355
2013,남녀전체,C91-C95,백혈병,3080
2013,남녀전체,Re.C00-C96,기타 암,15208
2013,남자,C00-C96,모든암,115880
2013,남자,C00-C14,"입술, 구강 및 인두",2245
2013,남자,C15,식도,2207
2013,남자,C16,위,20499
2013,남자,C18-C20,대장,16947
2013,남자,C22,간,12043
2013,남자,C23-C24,담낭 및 기타담도,3013
2013,남자,C25,췌장,3018
2013,남자,C32,후두,1138
2013,남자,C33-C34,폐,16476
2013,남자,C50,유방,63
2013,남자,C53,자궁경부,0
2013,남자,C54,자궁체부,0
2013,남자,C56,난소,0
2013,남자,C61,전립선,9742
2013,남자,C62,고환,258
2013,남자,C64,신장,3025
2013,남자,C67,방광,3128
2013,남자,C70-C72,뇌 및 중추신경계,963
2013,남자,C73,갑상선,8570
2013,남자,C81,호지킨림프종,172
2013,남자,"C82-C86,C96",비호지킨림프종,2314
2013,남자,C90,다발성 골수종,708
2013,남자,C91-C95,백혈병,1761
2013,남자,Re.C00-C96,기타 암,7590
2013,여자,C00-C96,모든암,113779
2013,여자,C00-C14,"입술, 구강 및 인두",882
2013,여자,C15,식도,201
2013,여자,C16,위,10033
2013,여자,C18-C20,대장,11250
2013,여자,C22,간,4007
2013,여자,C23-C24,담낭 및 기타담도,2795
2013,여자,C25,췌장,2574
2013,여자,C32,후두,84
2013,여자,C33-C34,폐,7179
2013,여자,C50,유방,17515
2013,여자,C53,자궁경부,3727
2013,여자,C54,자궁체부,2261
2013,여자,C56,난소,2301
2013,여자,C61,전립선,0
2013,여자,C62,고환,0
2013,여자,C64,신장,1366
2013,여자,C67,방광,763
2013,여자,C70-C72,뇌 및 중추신경계,915
2013,여자,C73,갑상선,34554
2013,여자,C81,호지킨림프종,93
2013,여자,"C82-C86,C96",비호지킨림프종,1695
2013,여자,C90,다발성 골수종,647
2013,여자,C91-C95,백혈병,1319
2013,여자,Re.C00-C96,기타 암,7618
2014,남녀전체,C00-C96,모든암,221356
2014,남녀전체,C00-C14,"입술, 구강 및 인두",3292
2014,남녀전체,C15,식도,2390
2014,남녀전체,C16,위,30221
2014,남녀전체,C18-C20,대장,27533
2014,남녀전체,C22,간,15967
2014,남녀전체,C23-C24,담낭 및 기타담도,6138
2014,남녀전체,C25,췌장,6058
2014,남녀전체,C32,후두,1136
2014,남녀전체,C33-C34,폐,24548
2014,남녀전체,C50,유방,18594
2014,남녀전체,C53,자궁경부,3609
2014,남녀전체,C54,자궁체부,2254
2014,남녀전체,C56,난소,2500
2014,남녀전체,C61,전립선,10015
2014,남녀전체,C62,고환,261
2014,남녀전체,C64,신장,4563
2014,남녀전체,C67,방광,4091
2014,남녀전체,C70-C72,뇌 및 중추신경계,1786
2014,남녀전체,C73,갑상선,31349
2014,남녀전체,C81,호지킨림프종,282
2014,남녀전체,"C82-C86,C96",비호지킨림프종,4114
2014,남녀전체,C90,다발성 골수종,1428
2014,남녀전체,C91-C95,백혈병,3117
2014,남녀전체,Re.C00-C96,기타 암,16110
2014,남자,C00-C96,모든암,115145
2014,남자,C00-C14,"입술, 구강 및 인두",2327
2014,남자,C15,식도,2172
2014,남자,C16,위,20334
2014,남자,C18-C20,대장,16521
2014,남자,C22,간,11943
2014,남자,C23-C24,담낭 및 기타담도,3185
2014,남자,C25,췌장,3249
2014,남자,C32,후두,1073
2014,남자,C33-C34,폐,17085
2014,남자,C50,유방,78
2014,남자,C53,자궁경부,0
2014,남자,C54,자궁체부,0
2014,남자,C56,난소,0
2014,남자,C61,전립선,10015
2014,남자,C62,고환,261
2014,남자,C64,신장,3168
2014,남자,C67,방광,3302
2014,남자,C70-C72,뇌 및 중추신경계,947
2014,남자,C73,갑상선,6297
2014,남자,C81,호지킨림프종,171
2014,남자,"C82-C86,C96",비호지킨림프종,2400
2014,남자,C90,다발성 골수종,776
2014,남자,C91-C95,백혈병,1790
2014,남자,Re.C00-C96,기타 암,8051
2014,여자,C00-C96,모든암,106211
2014,여자,C00-C14,"입술, 구강 및 인두",965
2014,여자,C15,식도,218
2014,여자,C16,위,9887
2014,여자,C18-C20,대장,11012
2014,여자,C22,간,4024
2014,여자,C23-C24,담낭 및 기타담도,2953
2014,여자,C25,췌장,2809
2014,여자,C32,후두,63
2014,여자,C33-C34,폐,7463
2014,여자,C50,유방,18516
2014,여자,C53,자궁경부,3609
2014,여자,C54,자궁체부,2254
2014,여자,C56,난소,2500
2014,여자,C61,전립선,0
2014,여자,C62,고환,0
2014,여자,C64,신장,1395
2014,여자,C67,방광,789
2014,여자,C70-C72,뇌 및 중추신경계,839
2014,여자,C73,갑상선,25052
2014,여자,C81,호지킨림프종,111
2014,여자,"C82-C86,C96",비호지킨림프종,1714
2014,여자,C90,다발성 골수종,652
2014,여자,C91-C95,백혈병,1327
2014,여자,Re.C00-C96,기타 암,8059
2015,남녀전체,C00-C96,모든암,218748
2015,남녀전체,C00-C14,"입술, 구강 및 인두",3376
2015,남녀전체,C15,식도,2461
2015,남녀전체,C16,위,29510
2015,남녀전체,C18-C20,대장,27299
2015,남녀전체,C22,간,15996
2015,남녀전체,C23-C24,담낭 및 기타담도,6326
2015,남녀전체,C25,췌장,6424
2015,남녀전체,C32,후두,1159
2015,남녀전체,C33-C34,폐,24791
2015,남녀전체,C50,유방,19437
2015,남녀전체,C53,자궁경부,3671
2015,남녀전체,C54,자궁체부,2448
2015,남녀전체,C56,난소,2514
2015,남녀전체,C61,전립선,10426
2015,남녀전체,C62,고환,289
2015,남녀전체,C64,신장,4632
2015,남녀전체,C67,방광,4151
2015,남녀전체,C70-C72,뇌 및 중추신경계,1826
2015,남녀전체,C73,갑상선,25576
2015,남녀전체,C81,호지킨림프종,273
2015,남녀전체,"C82-C86,C96",비호지킨림프종,4457
2015,남녀전체,C90,다발성 골수종,1483
2015,남녀전체,C91-C95,백혈병,3288
2015,남녀전체,Re.C00-C96,기타 암,16935
2015,남자,C00-C96,모든암,115369
2015,남자,C00-C14,"입술, 구강 및 인두",2437
2015,남자,C15,식도,2238
2015,남자,C16,위,19784
2015,남자,C18-C20,대장,16206
2015,남자,C22,간,11895
2015,남자,C23-C24,담낭 및 기타담도,3260
2015,남자,C25,췌장,3402
2015,남자,C32,후두,1092
2015,남자,C33-C34,폐,17324
2015,남자,C50,유방,79
2015,남자,C53,자궁경부,0
2015,남자,C54,자궁체부,0
2015,남자,C56,난소,0
2015,남자,C61,전립선,10426
2015,남자,C62,고환,289
2015,남자,C64,신장,3187
2015,남자,C67,방광,3336
2015,남자,C70-C72,뇌 및 중추신경계,980
2015,남자,C73,갑상선,5483
2015,남자,C81,호지킨림프종,174
2015,남자,"C82-C86,C96",비호지킨림프종,2567
2015,남자,C90,다발성 골수종,777
2015,남자,C91-C95,백혈병,1860
2015,남자,Re.C00-C96,기타 암,8573
2015,여자,C00-C96,모든암,103379
2015,여자,C00-C14,"입술, 구강 및 인두",939
2015,여자,C15,식도,223
2015,여자,C16,위,9726
2015,여자,C18-C20,대장,11093
2015,여자,C22,간,4101
2015,여자,C23-C24,담낭 및 기타담도,3066
2015,여자,C25,췌장,3022
2015,여자,C32,후두,67
2015,여자,C33-C34,폐,7467
2015,여자,C50,유방,19358
2015,여자,C53,자궁경부,3671
2015,여자,C54,자궁체부,2448
2015,여자,C56,난소,2514
2015,여자,C61,전립선,0
2015,여자,C62,고환,0
2015,여자,C64,신장,1445
2015,여자,C67,방광,815
2015,여자,C70-C72,뇌 및 중추신경계,846
2015,여자,C73,갑상선,20093
2015,여자,C81,호지킨림프종,99
2015,여자,"C82-C86,C96",비호지킨림프종,1890
2015,여자,C90,다발성 골수종,706
2015,여자,C91-C95,백혈병,1428
2015,여자,Re.C00-C96,기타 암,8362
2016,남녀전체,C00-C96,모든암,233426
2016,남녀전체,C00-C14,"입술, 구강 및 인두",3628
2016,남녀전체,C15,식도,2536
2016,남녀전체,C16,위,30824
2016,남녀전체,C18-C20,대장,28659
2016,남녀전체,C22,간,16012
2016,남녀전체,C23-C24,담낭 및 기타담도,6772
2016,남녀전체,C25,췌장,6775
2016,남녀전체,C32,후두,1189
2016,남녀전체,C33-C34,폐,26347
2016,남녀전체,C50,유방,22029
2016,남녀전체,C53,자궁경부,3636
2016,남녀전체,C54,자궁체부,2808
2016,남녀전체,C56,난소,2705
2016,남녀전체,C61,전립선,12050
2016,남녀전체,C62,고환,293
2016,남녀전체,C64,신장,5131
2016,남녀전체,C67,방광,4473
2016,남녀전체,C70-C72,뇌 및 중추신경계,2066
2016,남녀전체,C73,갑상선,26679
2016,남녀전체,C81,호지킨림프종,315
2016,남녀전체,"C82-C86,C96",비호지킨림프종,4831
2016,남녀전체,C90,다발성 골수종,1561
2016,남녀전체,C91-C95,백혈병,3447
2016,남녀전체,Re.C00-C96,기타 암,18660
2016,남자,C00-C96,모든암,122293
2016,남자,C00-C14,"입술, 구강 및 인두",2585
2016,남자,C15,식도,2280
2016,남자,C16,위,20720
2016,남자,C18-C20,대장,17001
2016,남자,C22,간,11936
2016,남자,C23-C24,담낭 및 기타담도,3537
2016,남자,C25,췌장,3436
2016,남자,C32,후두,1121
2016,남자,C33-C34,폐,18153
2016,남자,C50,유방,95
2016,남자,C53,자궁경부,0
2016,남자,C54,자궁체부,0
2016,남자,C56,난소,0
2016,남자,C61,전립선,12050
2016,남자,C62,고환,293
2016,남자,C64,신장,3467
2016,남자,C67,방광,3582
2016,남자,C70-C72,뇌 및 중추신경계,1128
2016,남자,C73,갑상선,5679
2016,남자,C81,호지킨림프종,205
2016,남자,"C82-C86,C96",비호지킨림프종,2808
2016,남자,C90,다발성 골수종,847
2016,남자,C91-C95,백혈병,2006
2016,남자,Re.C00-C96,기타 암,9364
2016,여자,C00-C96,모든암,111133
2016,여자,C00-C14,"입술, 구강 및 인두",1043
2016,여자,C15,식도,256
2016,여자,C16,위,10104
2016,여자,C18-C20,대장,11658
2016,여자,C22,간,4076
2016,여자,C23-C24,담낭 및 기타담도,3235
2016,여자,C25,췌장,3339
2016,여자,C32,후두,68
2016,여자,C33-C34,폐,8194
2016,여자,C50,유방,21934
2016,여자,C53,자궁경부,3636
2016,여자,C54,자궁체부,2808
2016,여자,C56,난소,2705
2016,여자,C61,전립선,0
2016,여자,C62,고환,0
2016,여자,C64,신장,1664
2016,여자,C67,방광,891
2016,여자,C70-C72,뇌 및 중추신경계,938
2016,여자,C73,갑상선,21000
2016,여자,C81,호지킨림프종,110
2016,여자,"C82-C86,C96",비호지킨림프종,2023
2016,여자,C90,다발성 골수종,714
2016,여자,C91-C95,백혈병,1441
2016,여자,Re.C00-C96,기타 암,9296
2017,남녀전체,C00-C96,모든암,237181
2017,남녀전체,C00-C14,"입술, 구강 및 인두",3756
2017,남녀전체,C15,식도,2531
2017,남녀전체,C16,위,30171
2017,남녀전체,C18-C20,대장,28769
2017,남녀전체,C22,간,15727
2017,남녀전체,C23-C24,담낭 및 기타담도,6939
2017,남녀전체,C25,췌장,7157
2017,남녀전체,C32,후두,1245
2017,남녀전체,C33-C34,폐,27581
2017,남녀전체,C50,유방,22708
2017,남녀전체,C53,자궁경부,3539
2017,남녀전체,C54,자궁체부,3016
2017,남녀전체,C56,난소,2773
2017,남녀전체,C61,전립선,13069
2017,남녀전체,C62,고환,263
2017,남녀전체,C64,신장,5432
2017,남녀전체,C67,방광,4501
2017,남녀전체,C70-C72,뇌 및 중추신경계,1990
2017,남녀전체,C73,갑상선,26843
2017,남녀전체,C81,호지킨림프종,289
2017,남녀전체,"C82-C86,C96",비호지킨림프종,4822
2017,남녀전체,C90,다발성 골수종,1650
2017,남녀전체,C91-C95,백혈병,3403
2017,남녀전체,Re.C00-C96,기타 암,19007
2017,남자,C00-C96,모든암,124800
2017,남자,C00-C14,"입술, 구강 및 인두",2689
2017,남자,C15,식도,2281
2017,남자,C16,위,20245
2017,남자,C18-C20,대장,17032
2017,남자,C22,간,11733
2017,남자,C23-C24,담낭 및 기타담도,3608
2017,남자,C25,췌장,3782
2017,남자,C32,후두,1166
2017,남자,C33-C34,폐,19016
2017,남자,C50,유방,99
2017,남자,C53,자궁경부,0
2017,남자,C54,자궁체부,0
2017,남자,C56,난소,0
2017,남자,C61,전립선,13069
2017,남자,C62,고환,263
2017,남자,C64,신장,3708
2017,남자,C67,방광,3623
2017,남자,C70-C72,뇌 및 중추신경계,1058
2017,남자,C73,갑상선,6170
2017,남자,C81,호지킨림프종,172
2017,남자,"C82-C86,C96",비호지킨림프종,2739
2017,남자,C90,다발성 골수종,866
2017,남자,C91-C95,백혈병,1937
2017,남자,Re.C00-C96,기타 암,9544
2017,여자,C00-C96,모든암,112381
2017,여자,C00-C14,"입술, 구강 및 인두",1067
2017,여자,C15,식도,250
2017,여자,C16,위,9926
2017,여자,C18-C20,대장,11737
2017,여자,C22,간,3994
2017,여자,C23-C24,담낭 및 기타담도,3331
2017,여자,C25,췌장,3375
2017,여자,C32,후두,79
2017,여자,C33-C34,폐,8565
2017,여자,C50,유방,22609
2017,여자,C53,자궁경부,3539
2017,여자,C54,자궁체부,3016
2017,여자,C56,난소,2773
2017,여자,C61,전립선,0
2017,여자,C62,고환,0
2017,여자,C64,신장,1724
2017,여자,C67,방광,878
2017,여자,C70-C72,뇌 및 중추신경계,932
2017,여자,C73,갑상선,20673
2017,여자,C81,호지킨림프종,117
2017,여자,"C82-C86,C96",비호지킨림프종,2083
2017,여자,C90,다발성 골수종,784
2017,여자,C91-C95,백혈병,1466
2017,여자,Re.C00-C96,기타 암,9463
2018,남녀전체,C00-C96,모든암,247251
2018,남녀전체,C00-C14,"입술, 구강 및 인두",3866
2018,남녀전체,C15,식도,2715
2018,남녀전체,C16,위,29542
2018,남녀전체,C18-C20,대장,28412
2018,남녀전체,C22,간,15904
2018,남녀전체,C23-C24,담낭 및 기타담도,7262
2018,남녀전체,C25,췌장,7704
2018,남녀전체,C32,후두,1166
2018,남녀전체,C33-C34,폐,29046
2018,남녀전체,C50,유방,23797
2018,남녀전체,C53,자궁경부,3566
2018,남녀전체,C54,자궁체부,3204
2018,남녀전체,C56,난소,2970
2018,남녀전체,C61,전립선,15068
2018,남녀전체,C62,고환,336
2018,남녀전체,C64,신장,5524
2018,남녀전체,C67,방광,4700
2018,남녀전체,C70-C72,뇌 및 중추신경계,2053
2018,남녀전체,C73,갑상선,29070
2018,남녀전체,C81,호지킨림프종,302
2018,남녀전체,"C82-C86,C96",비호지킨림프종,5257
2018,남녀전체,C90,다발성 골수종,1734
2018,남녀전체,C91-C95,백혈병,3538
2018,남녀전체,Re.C00-C96,기타 암,20515
2018,남자,C00-C96,모든암,130556
2018,남자,C00-C14,"입술, 구강 및 인두",2784
2018,남자,C15,식도,2463
2018,남자,C16,위,20027
2018,남자,C18-C20,대장,16972
2018,남자,C22,간,11850
2018,남자,C23-C24,담낭 및 기타담도,3886
2018,남자,C25,췌장,4063
2018,남자,C32,후두,1103
2018,남자,C33-C34,폐,19790
2018,남자,C50,유방,101
2018,남자,C53,자궁경부,0
2018,남자,C54,자궁체부,0
2018,남자,C56,난소,0
2018,남자,C61,전립선,15068
2018,남자,C62,고환,336
2018,남자,C64,신장,3855
2018,남자,C67,방광,3752
2018,남자,C70-C72,뇌 및 중추신경계,1100
2018,남자,C73,갑상선,6829
2018,남자,C81,호지킨림프종,183
2018,남자,"C82-C86,C96",비호지킨림프종,3020
2018,남자,C90,다발성 골수종,936
2018,남자,C91-C95,백혈병,2068
2018,남자,Re.C00-C96,기타 암,10370
2018,여자,C00-C96,모든암,116695
2018,여자,C00-C14,"입술, 구강 및 인두",1082
2018,여자,C15,식도,252
2018,여자,C16,위,9515
2018,여자,C18-C20,대장,11440
2018,여자,C22,간,4054
2018,여자,C23-C24,담낭 및 기타담도,3376
2018,여자,C25,췌장,3641
2018,여자,C32,후두,63
2018,여자,C33-C34,폐,9256
2018,여자,C50,유방,23696
2018,여자,C53,자궁경부,3566
2018,여자,C54,자궁체부,3204
2018,여자,C56,난소,2970
2018,여자,C61,전립선,0
2018,여자,C62,고환,0
2018,여자,C64,신장,1669
2018,여자,C67,방광,948
2018,여자,C70-C72,뇌 및 중추신경계,953
2018,여자,C73,갑상선,22241
2018,여자,C81,호지킨림프종,119
2018,여자,"C82-C86,C96",비호지킨림프종,2237
2018,여자,C90,다발성 골수종,798
2018,여자,C91-C95,백혈병,1470
2018,여자,Re.C00-C96,기타 암,10145
2019,남녀전체,C00-C96,모든암,258121
2019,남녀전체,C00-C14,"입술, 구강 및 인두",4025
2019,남녀전체,C15,식도,2890
2019,남녀전체,C16,위,29799
2019,남녀전체,C18-C20,대장,29598
2019,남녀전체,C22,간,15796
2019,남녀전체,C23-C24,담낭 및 기타담도,7443
2019,남녀전체,C25,췌장,8168
2019,남녀전체,C32,후두,1232
2019,남녀전체,C33-C34,폐,30371
2019,남녀전체,C50,유방,25077
2019,남녀전체,C53,자궁경부,3317
2019,남녀전체,C54,자궁체부,3311
2019,남녀전체,C56,난소,2943
2019,남녀전체,C61,전립선,17009
2019,남녀전체,C62,고환,328
2019,남녀전체,C64,신장,6085
2019,남녀전체,C67,방광,4974
2019,남녀전체,C70-C72,뇌 및 중추신경계,2008
2019,남녀전체,C73,갑상선,31101
2019,남녀전체,C81,호지킨림프종,309
2019,남녀전체,"C82-C86,C96",비호지킨림프종,5418
2019,남녀전체,C90,다발성 골수종,1847
2019,남녀전체,C91-C95,백혈병,3766
2019,남녀전체,Re.C00-C96,기타 암,21306
2019,남자,C00-C96,모든암,135955
2019,남자,C00-C14,"입술, 구강 및 인두",2899
2019,남자,C15,식도,2590
2019,남자,C16,위,19938
2019,남자,C18-C20,대장,17444
2019,남자,C22,간,11662
2019,남자,C23-C24,담낭 및 기타담도,3931
2019,남자,C25,췌장,4188
2019,남자,C32,후두,1163
2019,남자,C33-C34,폐,20603
2019,남자,C50,유방,114
2019,남자,C53,자궁경부,0
2019,남자,C54,자궁체부,0
2019,남자,C56,난소,0
2019,남자,C61,전립선,17009
2019,남자,C62,고환,328
2019,남자,C64,신장,4195
2019,남자,C67,방광,4054
2019,남자,C70-C72,뇌 및 중추신경계,1084
2019,남자,C73,갑상선,7620
2019,남자,C81,호지킨림프종,181
2019,남자,"C82-C86,C96",비호지킨림프종,3132
2019,남자,C90,다발성 골수종,1004
2019,남자,C91-C95,백혈병,2128
2019,남자,Re.C00-C96,기타 암,10688
2019,여자,C00-C96,모든암,122166
2019,여자,C00-C14,"입술, 구강 및 인두",1126
2019,여자,C15,식도,300
2019,여자,C16,위,9861
2019,여자,C18-C20,대장,12154
2019,여자,C22,간,4134
2019,여자,C23-C24,담낭 및 기타담도,3512
2019,여자,C25,췌장,3980
2019,여자,C32,후두,69
2019,여자,C33-C34,폐,9768
2019,여자,C50,유방,24963
2019,여자,C53,자궁경부,3317
2019,여자,C54,자궁체부,3311
2019,여자,C56,난소,2943
2019,여자,C61,전립선,0
2019,여자,C62,고환,0
2019,여자,C64,신장,1890
2019,여자,C67,방광,920
2019,여자,C70-C72,뇌 및 중추신경계,924
2019,여자,C73,갑상선,23481
2019,여자,C81,호지킨림프종,128
2019,여자,"C82-C86,C96",비호지킨림프종,2286
2019,여자,C90,다발성 골수종,843
2019,여자,C91-C95,백혈병,1638
2019,여자,Re.C00-C96,기타 암,10618
2020,남녀전체,C00-C96,모든암,250521
2020,남녀전체,C00-C14,"입술, 구강 및 인두",4105
2020,남녀전체,C15,식도,2760
2020,남녀전체,C16,위,26845
2020,남녀전체,C18-C20,대장,28280
2020,남녀전체,C22,간,15296
2020,남녀전체,C23-C24,담낭 및 기타담도,7510
2020,남녀전체,C25,췌장,8470
2020,남녀전체,C32,후두,1213
2020,남녀전체,C33-C34,폐,29219
2020,남녀전체,C50,유방,25037
2020,남녀전체,C53,자궁경부,3031
2020,남녀전체,C54,자궁체부,3519
2020,남녀전체,C56,난소,2991
2020,남녀전체,C61,전립선,16968
2020,남녀전체,C62,고환,363
2020,남녀전체,C64,신장,5993
2020,남녀전체,C67,방광,4813
2020,남녀전체,C70-C72,뇌 및 중추신경계,2004
2020,남녀전체,C73,갑상선,29636
2020,남녀전체,C81,호지킨림프종,327
2020,남녀전체,"C82-C86,C96",비호지킨림프종,5670
2020,남녀전체,C90,다발성 골수종,1759
2020,남녀전체,C91-C95,백혈병,3627
2020,남녀전체,Re.C00-C96,기타 암,21085
2020,남자,C00-C96,모든암,131931
2020,남자,C00-C14,"입술, 구강 및 인두",2922
2020,남자,C15,식도,2463
2020,남자,C16,위,17977
2020,남자,C18-C20,대장,16735
2020,남자,C22,간,11241
2020,남자,C23-C24,담낭 및 기타담도,4039
2020,남자,C25,췌장,4350
2020,남자,C32,후두,1151
2020,남자,C33-C34,폐,19837
2020,남자,C50,유방,119
2020,남자,C53,자궁경부,0
2020,남자,C54,자궁체부,0
2020,남자,C56,난소,0
2020,남자,C61,전립선,16968
2020,남자,C62,고환,363
2020,남자,C64,신장,4166
2020,남자,C67,방광,3872
2020,남자,C70-C72,뇌 및 중추신경계,1072
2020,남자,C73,갑상선,7567
2020,남자,C81,호지킨림프종,217
2020,남자,"C82-C86,C96",비호지킨림프종,3274
2020,남자,C90,다발성 골수종,970
2020,남자,C91-C95,백혈병,2036
2020,남자,Re.C00-C96,기타 암,10592
2020,여자,C00-C96,모든암,118590
2020,여자,C00-C14,"입술, 구강 및 인두",1183
2020,여자,C15,식도,297
2020,여자,C16,위,8868
2020,여자,C18-C20,대장,11545
2020,여자,C22,간,4055
2020,여자,C23-C24,담낭 및 기타담도,3471
2020,여자,C25,췌장,4120
2020,여자,C32,후두,62
2020,여자,C33-C34,폐,9382
2020,여자,C50,유방,24918
2020,여자,C53,자궁경부,3031
2020,여자,C54,자궁체부,3519
2020,여자,C56,난소,2991
2020,여자,C61,전립선,0
2020,여자,C62,고환,0
2020,여자,C64,신장,1827
2020,여자,C67,방광,941
2020,여자,C70-C72,뇌 및 중추신경계,932
2020,여자,C73,갑상선,22069
2020,여자,C81,호지킨림프종,110
2020,여자,"C82-C86,C96",비호지킨림프종,2396
2020,여자,C90,다발성 골수종,789
2020,여자,C91-C95,백혈병,1591
2020,여자,Re.C00-C96,기타 암,10493
2021,남녀전체,C00-C96,모든암,277523
2021,남녀전체,C00-C14,"입술, 구강 및 인두",4371
2021,남녀전체,C15,식도,2954
2021,남녀전체,C16,위,29361
2021,남녀전체,C18-C20,대장,32751
2021,남녀전체,C22,간,15131
2021,남녀전체,C23-C24,담낭 및 기타담도,7617
2021,남녀전체,C25,췌장,8872
2021,남녀전체,C32,후두,1302
2021,남녀전체,C33-C34,폐,31616
2021,남녀전체,C50,유방,28861
2021,남녀전체,C53,자궁경부,3173
2021,남녀전체,C54,자궁체부,3749
2021,남녀전체,C56,난소,3221
2021,남녀전체,C61,전립선,18697
2021,남녀전체,C62,고환,347
2021,남녀전체,C64,신장,6883
2021,남녀전체,C67,방광,5169
2021,남녀전체,C70-C72,뇌 및 중추신경계,2055
2021,남녀전체,C73,갑상선,35303
2021,남녀전체,C81,호지킨림프종,356
2021,남녀전체,"C82-C86,C96",비호지킨림프종,5726
2021,남녀전체,C90,다발성 골수종,2018
2021,남녀전체,C91-C95,백혈병,3983
2021,남녀전체,Re.C00-C96,기타 암,24007
2021,남자,C00-C96,모든암,143723
2021,남자,C00-C14,"입술, 구강 및 인두",3159
2021,남자,C15,식도,2615
2021,남자,C16,위,19533
2021,남자,C18-C20,대장,19142
2021,남자,C22,간,11207
2021,남자,C23-C24,담낭 및 기타담도,4085
2021,남자,C25,췌장,4592
2021,남자,C32,후두,1226
2021,남자,C33-C34,폐,21176
2021,남자,C50,유방,141
2021,남자,C53,자궁경부,0
2021,남자,C54,자궁체부,0
2021,남자,C56,난소,0
2021,남자,C61,전립선,18697
2021,남자,C62,고환,347
2021,남자,C64,신장,4775
2021,남자,C67,방광,4201
2021,남자,C70-C72,뇌 및 중추신경계,1116
2021,남자,C73,갑상선,8771
2021,남자,C81,호지킨림프종,244
2021,남자,"C82-C86,C96",비호지킨림프종,3292
2021,남자,C90,다발성 골수종,1095
2021,남자,C91-C95,백혈병,2297
2021,남자,Re.C00-C96,기타 암,12012
2021,여자,C00-C96,모든암,133800
2021,여자,C00-C14,"입술, 구강 및 인두",1212
2021,여자,C15,식도,339
2021,여자,C16,위,9828
2021,여자,C18-C20,대장,13609
2021,여자,C22,간,3924
2021,여자,C23-C24,담낭 및 기타담도,3532
2021,여자,C25,췌장,4280
2021,여자,C32,후두,76
2021,여자,C33-C34,폐,10440
2021,여자,C50,유방,28720
2021,여자,C53,자궁경부,3173
2021,여자,C54,자궁체부,3749
2021,여자,C56,난소,3221
2021,여자,C61,전립선,0
2021,여자,C62,고환,0
2021,여자,C64,신장,2108
2021,여자,C67,방광,968
2021,여자,C70-C72,뇌 및 중추신경계,939
2021,여자,C73,갑상선,26532
2021,여자,C81,호지킨림프종,112
2021,여자,"C82-C86,C96",비호지킨림프종,2434
2021,여자,C90,다발성 골수종,923
2021,여자,C91-C95,백혈병,1686
2021,여자,Re.C00-C96,기타 암,11995