"id","age","employment","graduate","income","members","diseases","frequentflyer","travelled"
1016,29,"Private Sector/Self Employed","Yes",350000,9,1,"No","No"
1859,32,"Government Sector","Yes",8e+05,3,1,"No","No"
678,25,"Private Sector/Self Employed","Yes",1700000,4,0,"Yes","No"
128,31,"Private Sector/Self Employed","Yes",1350000,8,0,"No","Yes"
929,26,"Private Sector/Self Employed","Yes",6e+05,5,0,"No","No"
1532,28,"Government Sector","Yes",1200000,5,0,"No","No"
470,28,"Private Sector/Self Employed","Yes",1300000,2,1,"No","No"
298,25,"Private Sector/Self Employed","No",1700000,4,0,"Yes","No"
269,27,"Private Sector/Self Employed","No",8e+05,5,0,"No","No"
1210,30,"Private Sector/Self Employed","No",8e+05,5,0,"No","No"
1330,33,"Government Sector","Yes",1100000,4,0,"No","No"
596,31,"Private Sector/Self Employed","Yes",1350000,5,0,"No","Yes"
1300,31,"Government Sector","Yes",1200000,6,0,"No","No"
1897,35,"Government Sector","Yes",1100000,4,0,"Yes","No"
1517,26,"Private Sector/Self Employed","Yes",1400000,4,1,"No","Yes"
329,28,"Private Sector/Self Employed","Yes",1100000,8,0,"No","No"
1798,25,"Private Sector/Self Employed","Yes",1700000,3,0,"Yes","No"
1864,31,"Government Sector","Yes",4e+05,6,1,"No","No"
1614,34,"Government Sector","Yes",1300000,4,0,"No","No"
1748,28,"Private Sector/Self Employed","Yes",1100000,4,0,"Yes","No"
36,31,"Government Sector","No",3e+05,9,1,"No","No"
1128,33,"Government Sector","Yes",7e+05,4,0,"No","No"
728,28,"Private Sector/Self Employed","Yes",1250000,6,0,"No","Yes"
877,26,"Private Sector/Self Employed","Yes",1400000,3,0,"No","Yes"
484,33,"Government Sector","Yes",8e+05,6,0,"No","No"
1700,28,"Private Sector/Self Employed","Yes",8e+05,6,1,"No","No"
1825,29,"Private Sector/Self Employed","Yes",6e+05,6,0,"No","No"
873,32,"Government Sector","Yes",350000,3,0,"No","No"
381,29,"Private Sector/Self Employed","Yes",1200000,5,0,"No","No"
1624,25,"Private Sector/Self Employed","No",1150000,6,1,"No","No"
974,26,"Private Sector/Self Employed","Yes",1500000,4,0,"Yes","Yes"
800,31,"Government Sector","Yes",1200000,6,0,"No","No"
851,28,"Private Sector/Self Employed","Yes",5e+05,5,0,"No","No"
930,34,"Private Sector/Self Employed","Yes",7e+05,7,1,"No","No"
325,31,"Private Sector/Self Employed","Yes",1250000,4,0,"No","No"
1971,31,"Private Sector/Self Employed","Yes",950000,5,0,"No","No"
553,33,"Private Sector/Self Employed","Yes",1400000,5,0,"Yes","Yes"
1445,28,"Private Sector/Self Employed","Yes",1100000,4,1,"No","No"
110,31,"Government Sector","Yes",4e+05,5,0,"No","No"
1427,25,"Private Sector/Self Employed","No",1150000,6,0,"No","No"
531,28,"Private Sector/Self Employed","Yes",1150000,6,1,"No","No"
1529,31,"Private Sector/Self Employed","Yes",1250000,4,0,"No","No"
555,26,"Private Sector/Self Employed","Yes",1750000,4,0,"No","No"
888,28,"Private Sector/Self Employed","Yes",1250000,6,1,"No","No"
342,28,"Private Sector/Self Employed","Yes",1100000,2,0,"No","No"
581,28,"Private Sector/Self Employed","Yes",7e+05,4,1,"No","No"
1144,31,"Government Sector","No",3e+05,4,0,"No","No"
39,33,"Private Sector/Self Employed","Yes",1500000,5,1,"Yes","Yes"
1707,35,"Private Sector/Self Employed","No",8e+05,4,0,"No","No"
536,30,"Private Sector/Self Employed","No",5e+05,3,0,"No","No"
374,28,"Government Sector","Yes",6e+05,7,0,"No","No"
247,27,"Government Sector","Yes",1050000,3,0,"Yes","No"
1221,28,"Government Sector","Yes",3e+05,2,0,"No","No"
377,27,"Private Sector/Self Employed","No",1550000,4,0,"Yes","No"
38,34,"Government Sector","Yes",1100000,2,0,"No","No"
434,34,"Private Sector/Self Employed","Yes",1300000,7,0,"No","No"
809,30,"Private Sector/Self Employed","No",1450000,5,1,"Yes","Yes"
1413,28,"Private Sector/Self Employed","Yes",1150000,6,0,"No","No"
1303,28,"Private Sector/Self Employed","Yes",1200000,5,0,"No","No"
1695,35,"Government Sector","Yes",1100000,5,0,"No","No"
525,26,"Private Sector/Self Employed","Yes",5e+05,9,0,"No","No"
641,34,"Private Sector/Self Employed","Yes",7e+05,5,1,"No","Yes"
1068,27,"Government Sector","Yes",5e+05,4,1,"No","No"
1425,28,"Government Sector","Yes",6e+05,4,0,"No","No"
21,29,"Private Sector/Self Employed","Yes",350000,3,0,"No","No"
1741,28,"Private Sector/Self Employed","Yes",8e+05,3,0,"No","No"
1765,34,"Private Sector/Self Employed","Yes",1300000,6,1,"No","No"
192,28,"Private Sector/Self Employed","Yes",8e+05,4,1,"No","Yes"
1394,30,"Private Sector/Self Employed","No",650000,3,1,"No","No"
498,29,"Private Sector/Self Employed","Yes",6e+05,5,0,"No","No"
1127,30,"Private Sector/Self Employed","No",650000,6,0,"Yes","No"
1349,26,"Private Sector/Self Employed","Yes",1400000,3,0,"No","Yes"
982,27,"Government Sector","Yes",850000,5,0,"No","No"
1790,28,"Private Sector/Self Employed","Yes",1150000,4,0,"No","No"
1515,32,"Government Sector","Yes",350000,3,1,"No","No"
1861,34,"Private Sector/Self Employed","Yes",1050000,5,0,"Yes","No"
1639,25,"Private Sector/Self Employed","Yes",1700000,4,0,"Yes","No"
1638,29,"Private Sector/Self Employed","Yes",1200000,4,0,"No","No"
842,29,"Private Sector/Self Employed","Yes",1100000,3,0,"No","No"
464,34,"Private Sector/Self Employed","Yes",1500000,5,0,"Yes","Yes"
995,27,"Government Sector","Yes",850000,5,0,"No","No"
1548,27,"Private Sector/Self Employed","No",450000,3,0,"No","No"
1831,31,"Government Sector","No",350000,4,1,"No","No"
1752,26,"Government Sector","Yes",5e+05,5,1,"No","No"
1199,28,"Government Sector","Yes",1200000,7,1,"No","No"
1368,29,"Private Sector/Self Employed","Yes",1350000,6,0,"No","Yes"
1814,28,"Private Sector/Self Employed","No",550000,5,0,"Yes","No"
1133,35,"Government Sector","Yes",1100000,3,1,"No","No"
83,34,"Private Sector/Self Employed","No",950000,4,0,"Yes","No"
1894,28,"Private Sector/Self Employed","Yes",7e+05,4,1,"No","No"
1052,29,"Private Sector/Self Employed","Yes",1200000,7,1,"No","No"
1164,31,"Private Sector/Self Employed","Yes",1400000,6,0,"No","Yes"
251,28,"Government Sector","Yes",3e+05,5,0,"No","No"
732,30,"Private Sector/Self Employed","No",8e+05,4,0,"No","No"
619,35,"Government Sector","Yes",1100000,6,0,"No","No"
1327,28,"Private Sector/Self Employed","Yes",8e+05,4,0,"Yes","No"
1568,29,"Private Sector/Self Employed","Yes",1200000,5,0,"No","Yes"
556,33,"Private Sector/Self Employed","Yes",550000,4,1,"No","No"
1684,26,"Private Sector/Self Employed","Yes",1400000,6,1,"No","Yes"
286,28,"Private Sector/Self Employed","Yes",6e+05,3,0,"No","No"
613,31,"Private Sector/Self Employed","Yes",1250000,6,0,"No","No"
1168,28,"Government Sector","Yes",6e+05,3,0,"No","No"
328,34,"Private Sector/Self Employed","Yes",7e+05,6,0,"Yes","Yes"
486,33,"Private Sector/Self Employed","Yes",550000,4,0,"Yes","No"
854,32,"Government Sector","Yes",850000,3,1,"No","No"
850,32,"Government Sector","Yes",850000,4,0,"Yes","No"
1653,26,"Private Sector/Self Employed","Yes",5e+05,5,1,"No","No"
1521,29,"Private Sector/Self Employed","Yes",1350000,5,0,"No","Yes"
857,28,"Government Sector","Yes",6e+05,3,0,"No","No"
1839,32,"Government Sector","Yes",350000,3,0,"No","Yes"
618,31,"Private Sector/Self Employed","Yes",1650000,2,0,"Yes","No"
575,29,"Private Sector/Self Employed","Yes",9e+05,6,0,"Yes","No"
989,33,"Government Sector","Yes",4e+05,7,1,"No","No"
1513,28,"Private Sector/Self Employed","Yes",1450000,5,0,"Yes","Yes"
1759,25,"Government Sector","Yes",750000,2,0,"Yes","No"
1022,27,"Government Sector","Yes",850000,5,0,"Yes","No"
1126,29,"Private Sector/Self Employed","Yes",1200000,4,0,"No","No"
315,28,"Government Sector","Yes",3e+05,4,0,"No","No"
1074,34,"Private Sector/Self Employed","Yes",1500000,5,1,"Yes","Yes"
1893,32,"Government Sector","Yes",850000,4,1,"No","No"
1313,29,"Private Sector/Self Employed","Yes",9e+05,7,0,"No","No"
649,28,"Government Sector","Yes",3e+05,5,0,"No","No"
1983,28,"Private Sector/Self Employed","Yes",1750000,5,1,"No","Yes"
810,29,"Private Sector/Self Employed","Yes",6e+05,4,1,"No","No"
954,34,"Private Sector/Self Employed","Yes",1e+06,5,1,"Yes","No"
281,26,"Private Sector/Self Employed","Yes",750000,6,0,"No","No"
1166,34,"Private Sector/Self Employed","Yes",1300000,3,0,"No","No"
1465,35,"Private Sector/Self Employed","No",950000,2,1,"No","No"
284,28,"Private Sector/Self Employed","Yes",750000,3,0,"No","No"
1705,28,"Government Sector","Yes",3e+05,8,0,"No","No"
1071,27,"Government Sector","Yes",750000,8,0,"No","No"
500,26,"Private Sector/Self Employed","Yes",1500000,4,0,"Yes","Yes"
1739,29,"Private Sector/Self Employed","Yes",5e+05,2,0,"No","No"
510,31,"Private Sector/Self Employed","Yes",950000,5,0,"No","No"
1318,31,"Private Sector/Self Employed","Yes",1350000,3,1,"No","Yes"
535,31,"Private Sector/Self Employed","Yes",1350000,5,0,"No","Yes"
692,31,"Government Sector","No",3e+05,6,0,"No","No"
987,33,"Private Sector/Self Employed","Yes",1400000,2,1,"No","Yes"
1237,31,"Private Sector/Self Employed","Yes",9e+05,7,0,"No","Yes"
1904,28,"Private Sector/Self Employed","Yes",7e+05,7,0,"Yes","No"
736,30,"Private Sector/Self Employed","No",650000,7,0,"No","No"
1362,28,"Private Sector/Self Employed","Yes",7e+05,2,1,"No","No"
1369,34,"Private Sector/Self Employed","No",750000,4,0,"Yes","No"
1698,29,"Private Sector/Self Employed","Yes",5e+05,4,0,"No","No"
1066,29,"Private Sector/Self Employed","Yes",1200000,5,1,"No","No"
1024,32,"Government Sector","Yes",8e+05,9,0,"No","Yes"
28,26,"Private Sector/Self Employed","Yes",6e+05,4,0,"Yes","No"
1613,28,"Private Sector/Self Employed","Yes",550000,4,0,"Yes","No"
837,29,"Private Sector/Self Employed","Yes",1100000,7,0,"Yes","No"
1819,25,"Private Sector/Self Employed","Yes",1400000,3,0,"No","Yes"
1651,34,"Private Sector/Self Employed","Yes",1500000,3,0,"Yes","Yes"
232,28,"Private Sector/Self Employed","Yes",1250000,6,0,"No","No"
1316,31,"Private Sector/Self Employed","Yes",1400000,3,0,"No","Yes"
572,28,"Private Sector/Self Employed","No",550000,5,0,"No","No"
368,35,"Private Sector/Self Employed","No",8e+05,3,0,"No","No"
450,31,"Private Sector/Self Employed","Yes",1250000,6,0,"No","Yes"
85,25,"Private Sector/Self Employed","No",1700000,4,0,"Yes","No"
1506,28,"Private Sector/Self Employed","Yes",1150000,6,1,"No","No"
326,28,"Private Sector/Self Employed","Yes",1150000,5,0,"No","No"
1645,25,"Private Sector/Self Employed","No",1150000,3,0,"Yes","No"
354,25,"Private Sector/Self Employed","No",1150000,5,0,"No","No"
811,26,"Private Sector/Self Employed","Yes",450000,3,0,"No","No"
1072,31,"Government Sector","Yes",4e+05,6,0,"No","No"
360,28,"Private Sector/Self Employed","No",550000,4,0,"No","No"
1339,34,"Private Sector/Self Employed","Yes",1500000,5,0,"Yes","Yes"
1265,34,"Private Sector/Self Employed","Yes",1e+06,5,0,"No","No"
1463,28,"Private Sector/Self Employed","Yes",1150000,6,0,"No","No"
757,27,"Government Sector","Yes",5e+05,6,1,"No","No"
817,27,"Government Sector","Yes",5e+05,4,0,"No","No"
246,31,"Government Sector","No",350000,6,1,"No","No"
750,35,"Private Sector/Self Employed","No",8e+05,4,0,"No","No"
218,26,"Private Sector/Self Employed","Yes",1500000,7,0,"Yes","Yes"
134,28,"Private Sector/Self Employed","Yes",6e+05,5,0,"Yes","No"
1948,35,"Private Sector/Self Employed","No",8e+05,6,0,"Yes","No"
1946,32,"Government Sector","Yes",850000,7,0,"Yes","Yes"
376,31,"Government Sector","Yes",1300000,4,0,"No","No"
407,25,"Private Sector/Self Employed","No",1700000,6,0,"Yes","No"
1868,25,"Private Sector/Self Employed","Yes",1400000,5,0,"No","Yes"
1588,31,"Private Sector/Self Employed","Yes",9e+05,5,1,"Yes","No"
911,27,"Government Sector","Yes",1050000,5,0,"Yes","No"
466,28,"Private Sector/Self Employed","Yes",550000,4,0,"No","No"
1379,35,"Private Sector/Self Employed","No",8e+05,3,0,"Yes","No"
129,29,"Private Sector/Self Employed","Yes",1050000,6,0,"No","No"
1088,28,"Private Sector/Self Employed","Yes",1250000,9,1,"No","No"
358,34,"Private Sector/Self Employed","Yes",1e+06,5,0,"Yes","No"
104,28,"Private Sector/Self Employed","Yes",1150000,3,0,"No","No"
1147,26,"Private Sector/Self Employed","Yes",1500000,3,0,"Yes","Yes"
1100,27,"Private Sector/Self Employed","No",450000,3,0,"No","No"
1241,33,"Government Sector","Yes",1100000,8,0,"No","No"
1633,25,"Private Sector/Self Employed","No",1150000,3,0,"Yes","No"
1217,31,"Government Sector","Yes",4e+05,7,0,"No","No"
18,29,"Private Sector/Self Employed","Yes",1050000,5,1,"No","No"
272,28,"Private Sector/Self Employed","Yes",7e+05,3,1,"No","No"
417,31,"Private Sector/Self Employed","Yes",1400000,3,0,"Yes","Yes"
1566,34,"Private Sector/Self Employed","Yes",1500000,3,1,"Yes","Yes"
418,34,"Private Sector/Self Employed","Yes",1e+06,3,1,"No","No"
866,31,"Private Sector/Self Employed","Yes",1400000,3,1,"No","Yes"
685,34,"Private Sector/Self Employed","Yes",1500000,4,1,"Yes","Yes"
402,31,"Private Sector/Self Employed","Yes",1250000,3,0,"No","No"
1772,28,"Private Sector/Self Employed","Yes",1150000,8,0,"Yes","No"
1610,33,"Private Sector/Self Employed","Yes",550000,5,0,"Yes","No"
1039,28,"Private Sector/Self Employed","Yes",8e+05,3,1,"No","No"
1063,28,"Private Sector/Self Employed","Yes",1200000,6,0,"No","No"
1818,26,"Government Sector","Yes",5e+05,8,0,"No","No"
603,33,"Private Sector/Self Employed","Yes",1400000,6,1,"No","Yes"
633,28,"Private Sector/Self Employed","Yes",7e+05,7,1,"No","No"
663,32,"Government Sector","Yes",8e+05,6,1,"No","No"
1161,28,"Private Sector/Self Employed","Yes",6e+05,3,0,"No","No"
718,27,"Government Sector","Yes",9e+05,4,0,"No","No"
499,32,"Government Sector","Yes",350000,6,0,"No","No"
996,31,"Private Sector/Self Employed","Yes",1400000,4,0,"Yes","Yes"
760,27,"Government Sector","Yes",5e+05,4,1,"No","No"
671,29,"Private Sector/Self Employed","Yes",1100000,3,1,"No","No"
228,34,"Private Sector/Self Employed","Yes",1e+06,5,0,"No","No"
422,34,"Private Sector/Self Employed","Yes",1500000,7,1,"Yes","Yes"
420,34,"Private Sector/Self Employed","Yes",1050000,5,0,"No","No"
988,31,"Private Sector/Self Employed","Yes",1750000,7,0,"No","No"
139,35,"Private Sector/Self Employed","No",8e+05,7,1,"No","No"
125,29,"Private Sector/Self Employed","Yes",5e+05,3,1,"No","No"
1549,28,"Private Sector/Self Employed","Yes",7e+05,4,1,"No","No"
1531,27,"Government Sector","Yes",750000,5,0,"No","No"
997,28,"Private Sector/Self Employed","Yes",7e+05,4,1,"No","No"
1836,33,"Government Sector","Yes",8e+05,4,0,"No","No"
1785,25,"Private Sector/Self Employed","No",1150000,2,0,"No","Yes"
270,34,"Government Sector","Yes",1300000,6,0,"No","Yes"
1153,28,"Private Sector/Self Employed","Yes",1150000,6,0,"No","No"
576,31,"Private Sector/Self Employed","Yes",1400000,3,0,"No","Yes"
1535,33,"Government Sector","Yes",650000,5,0,"Yes","No"
1474,28,"Government Sector","Yes",3e+05,5,1,"No","No"
503,31,"Government Sector","Yes",1300000,5,0,"No","No"
1480,27,"Government Sector","Yes",750000,4,0,"Yes","No"
357,34,"Private Sector/Self Employed","Yes",5e+05,5,0,"No","No"
784,31,"Government Sector","Yes",1500000,5,1,"Yes","Yes"
1747,33,"Private Sector/Self Employed","Yes",1500000,5,0,"Yes","Yes"
126,32,"Government Sector","Yes",8e+05,5,0,"Yes","No"
644,32,"Government Sector","Yes",8e+05,4,0,"No","No"
1064,29,"Private Sector/Self Employed","Yes",1200000,5,0,"No","No"
986,25,"Private Sector/Self Employed","Yes",1400000,3,0,"No","Yes"
1571,34,"Private Sector/Self Employed","Yes",1500000,6,0,"Yes","Yes"
304,34,"Private Sector/Self Employed","Yes",1050000,3,0,"No","No"
412,28,"Government Sector","Yes",3e+05,7,1,"No","No"
980,28,"Government Sector","Yes",3e+05,8,0,"No","No"
1875,26,"Private Sector/Self Employed","Yes",1400000,5,0,"No","Yes"
1969,31,"Private Sector/Self Employed","Yes",5e+05,4,1,"No","No"
308,34,"Private Sector/Self Employed","Yes",1e+06,9,1,"No","No"
1959,28,"Private Sector/Self Employed","No",550000,6,0,"No","No"
1001,26,"Private Sector/Self Employed","Yes",1250000,5,0,"No","No"
440,34,"Private Sector/Self Employed","Yes",1e+06,4,0,"No","No"
855,26,"Private Sector/Self Employed","Yes",5e+05,6,0,"No","No"
1140,28,"Private Sector/Self Employed","Yes",750000,4,0,"Yes","Yes"
1742,28,"Private Sector/Self Employed","Yes",8e+05,3,0,"No","No"
469,25,"Private Sector/Self Employed","No",1700000,5,0,"Yes","No"
1637,35,"Private Sector/Self Employed","No",8e+05,5,0,"No","Yes"
561,29,"Private Sector/Self Employed","Yes",1050000,9,0,"No","No"
1359,32,"Government Sector","Yes",850000,9,0,"Yes","No"
348,31,"Private Sector/Self Employed","Yes",1400000,6,1,"No","Yes"
1095,34,"Government Sector","Yes",1100000,9,0,"No","No"
893,31,"Government Sector","Yes",4e+05,2,0,"No","No"
589,26,"Private Sector/Self Employed","Yes",1400000,3,0,"No","Yes"
473,25,"Private Sector/Self Employed","Yes",1400000,8,0,"No","Yes"
167,31,"Government Sector","Yes",4e+05,3,0,"No","No"
1855,27,"Private Sector/Self Employed","No",1550000,4,0,"Yes","No"
1771,26,"Private Sector/Self Employed","Yes",1400000,4,0,"No","Yes"
839,26,"Private Sector/Self Employed","Yes",1250000,4,0,"No","No"
951,34,"Private Sector/Self Employed","Yes",1500000,5,0,"Yes","Yes"
454,28,"Government Sector","Yes",3e+05,4,0,"No","No"
1764,32,"Government Sector","Yes",9e+05,5,0,"Yes","No"
355,28,"Private Sector/Self Employed","Yes",1400000,3,0,"No","Yes"
1648,28,"Private Sector/Self Employed","Yes",1100000,5,0,"No","No"
1257,28,"Private Sector/Self Employed","No",550000,5,0,"No","No"
1507,27,"Government Sector","Yes",750000,5,0,"No","No"
1940,25,"Private Sector/Self Employed","Yes",1400000,5,0,"Yes","Yes"
72,28,"Private Sector/Self Employed","Yes",8e+05,6,1,"Yes","No"
1562,29,"Private Sector/Self Employed","Yes",1100000,4,0,"No","No"
1576,28,"Private Sector/Self Employed","Yes",1100000,4,0,"No","No"
14,31,"Government Sector","Yes",4e+05,3,0,"No","No"
1464,31,"Government Sector","Yes",4e+05,3,0,"No","No"
1317,25,"Private Sector/Self Employed","No",1700000,4,0,"Yes","No"
61,32,"Government Sector","Yes",8e+05,3,0,"Yes","No"
389,31,"Private Sector/Self Employed","Yes",1350000,5,0,"No","Yes"
1667,28,"Private Sector/Self Employed","Yes",750000,5,0,"No","No"
1058,27,"Government Sector","Yes",9e+05,6,0,"Yes","Yes"
380,28,"Private Sector/Self Employed","Yes",1200000,5,1,"No","No"
76,29,"Private Sector/Self Employed","Yes",1200000,3,0,"No","No"
1965,30,"Private Sector/Self Employed","No",550000,3,0,"No","No"
1350,33,"Government Sector","Yes",7e+05,3,1,"No","No"
664,34,"Private Sector/Self Employed","Yes",1500000,4,0,"Yes","Yes"
30,30,"Private Sector/Self Employed","No",550000,6,0,"Yes","Yes"
548,27,"Government Sector","Yes",850000,5,0,"No","No"
742,34,"Private Sector/Self Employed","Yes",1050000,7,1,"No","No"
1051,25,"Private Sector/Self Employed","No",6e+05,4,0,"Yes","Yes"
1708,26,"Private Sector/Self Employed","Yes",1250000,3,1,"No","No"
1171,31,"Government Sector","Yes",4e+05,4,0,"No","No"
796,28,"Government Sector","Yes",3e+05,7,0,"No","No"
1150,28,"Private Sector/Self Employed","Yes",6e+05,3,0,"No","No"
1930,31,"Government Sector","Yes",1200000,7,0,"No","No"
1595,34,"Private Sector/Self Employed","Yes",5e+05,5,0,"No","No"
960,28,"Private Sector/Self Employed","Yes",1450000,4,0,"Yes","Yes"
1307,28,"Private Sector/Self Employed","Yes",9e+05,3,0,"No","No"
333,31,"Private Sector/Self Employed","Yes",1400000,6,1,"No","Yes"
1699,28,"Private Sector/Self Employed","Yes",7e+05,3,0,"No","No"
1291,34,"Private Sector/Self Employed","Yes",1500000,5,1,"Yes","Yes"
92,28,"Private Sector/Self Employed","Yes",1150000,5,0,"No","No"
1732,29,"Private Sector/Self Employed","Yes",1200000,3,0,"No","Yes"
1323,34,"Private Sector/Self Employed","Yes",1750000,5,0,"No","No"
713,28,"Private Sector/Self Employed","Yes",1100000,2,1,"No","No"
609,28,"Private Sector/Self Employed","Yes",7e+05,7,1,"Yes","Yes"
1305,29,"Private Sector/Self Employed","Yes",9e+05,5,0,"No","No"
1264,31,"Government Sector","Yes",4e+05,6,0,"No","No"
32,25,"Government Sector","Yes",750000,4,0,"No","No"
1019,27,"Government Sector","Yes",850000,4,1,"Yes","Yes"
1706,33,"Government Sector","Yes",4e+05,6,0,"No","No"
436,28,"Private Sector/Self Employed","Yes",1200000,4,1,"No","Yes"
1737,27,"Government Sector","Yes",1050000,7,0,"No","No"
1830,25,"Private Sector/Self Employed","Yes",1700000,6,0,"Yes","No"
216,34,"Private Sector/Self Employed","Yes",1050000,8,0,"No","No"
791,35,"Private Sector/Self Employed","No",8e+05,7,0,"No","No"
804,27,"Private Sector/Self Employed","No",350000,4,1,"No","No"
107,34,"Private Sector/Self Employed","Yes",850000,3,1,"No","Yes"
1762,28,"Private Sector/Self Employed","Yes",1300000,5,1,"Yes","No"
1293,28,"Government Sector","Yes",3e+05,6,1,"No","No"
1816,34,"Private Sector/Self Employed","Yes",1e+06,3,0,"Yes","No"
208,29,"Private Sector/Self Employed","Yes",1350000,4,0,"No","Yes"
1006,28,"Private Sector/Self Employed","Yes",1100000,6,0,"No","No"
1361,26,"Private Sector/Self Employed","Yes",1400000,4,0,"No","Yes"
1632,32,"Government Sector","Yes",8e+05,7,0,"No","No"
1607,29,"Private Sector/Self Employed","Yes",350000,8,1,"No","No"
1808,28,"Private Sector/Self Employed","Yes",5e+05,4,1,"No","No"
567,35,"Private Sector/Self Employed","No",8e+05,7,1,"No","Yes"
1740,26,"Private Sector/Self Employed","Yes",6e+05,7,0,"No","No"
1697,29,"Private Sector/Self Employed","Yes",1050000,5,0,"No","No"
1457,25,"Private Sector/Self Employed","No",6e+05,3,0,"No","No"
767,28,"Government Sector","No",3e+05,6,0,"No","No"
200,27,"Government Sector","Yes",1050000,4,0,"No","No"
915,28,"Government Sector","Yes",6e+05,2,0,"Yes","No"
1377,26,"Government Sector","Yes",1450000,3,0,"Yes","Yes"
1380,28,"Private Sector/Self Employed","Yes",5e+05,5,1,"No","No"
1372,33,"Private Sector/Self Employed","Yes",550000,5,1,"No","No"
1786,31,"Private Sector/Self Employed","Yes",950000,4,0,"No","No"
1537,29,"Private Sector/Self Employed","Yes",5e+05,4,0,"No","No"
115,29,"Private Sector/Self Employed","Yes",9e+05,4,0,"No","No"
642,26,"Government Sector","Yes",5e+05,6,1,"No","No"
878,26,"Private Sector/Self Employed","Yes",6e+05,4,0,"No","No"
1949,34,"Private Sector/Self Employed","Yes",7e+05,6,0,"No","No"
1021,28,"Private Sector/Self Employed","Yes",1150000,4,0,"No","No"
1256,28,"Private Sector/Self Employed","Yes",5e+05,5,1,"No","No"
1294,28,"Private Sector/Self Employed","Yes",6e+05,4,0,"No","No"
1462,28,"Private Sector/Self Employed","Yes",5e+05,3,1,"No","No"
1220,28,"Private Sector/Self Employed","Yes",1100000,5,0,"No","No"
1243,33,"Government Sector","Yes",7e+05,6,1,"No","No"
461,35,"Government Sector","Yes",9e+05,4,1,"No","No"
1979,28,"Private Sector/Self Employed","Yes",1100000,4,1,"No","No"
234,34,"Private Sector/Self Employed","Yes",1300000,4,0,"No","No"
512,29,"Private Sector/Self Employed","Yes",1100000,5,0,"Yes","No"
1497,33,"Government Sector","Yes",4e+05,6,0,"No","No"
172,27,"Private Sector/Self Employed","No",6e+05,8,0,"No","No"
1106,34,"Private Sector/Self Employed","Yes",1300000,4,0,"No","No"
1661,28,"Private Sector/Self Employed","Yes",7e+05,4,0,"No","No"
406,28,"Private Sector/Self Employed","Yes",1200000,9,0,"No","No"
323,33,"Private Sector/Self Employed","Yes",1400000,5,0,"No","Yes"
730,31,"Private Sector/Self Employed","Yes",5e+05,6,0,"No","No"
184,25,"Government Sector","Yes",750000,3,0,"No","No"
894,30,"Private Sector/Self Employed","No",8e+05,5,0,"No","No"
764,27,"Government Sector","Yes",5e+05,5,0,"No","No"
1203,28,"Private Sector/Self Employed","Yes",1150000,6,1,"No","No"
463,33,"Private Sector/Self Employed","Yes",750000,2,1,"No","No"
492,34,"Private Sector/Self Employed","Yes",5e+05,3,0,"No","No"
674,27,"Government Sector","Yes",850000,2,0,"No","No"
965,25,"Private Sector/Self Employed","No",1150000,8,0,"Yes","No"
443,25,"Private Sector/Self Employed","No",1150000,6,0,"No","No"
1190,31,"Private Sector/Self Employed","Yes",1250000,3,0,"No","No"
48,28,"Private Sector/Self Employed","Yes",6e+05,3,0,"No","No"
1494,25,"Government Sector","Yes",750000,6,0,"No","No"
290,32,"Government Sector","Yes",9e+05,6,1,"No","No"
652,33,"Government Sector","Yes",8e+05,6,0,"No","No"
1817,29,"Private Sector/Self Employed","Yes",1050000,7,0,"Yes","No"
433,28,"Private Sector/Self Employed","Yes",1100000,4,0,"No","No"
740,34,"Private Sector/Self Employed","Yes",1e+06,6,1,"No","No"
1822,35,"Private Sector/Self Employed","No",8e+05,5,0,"No","No"
1844,27,"Private Sector/Self Employed","No",350000,5,1,"No","No"
1660,29,"Private Sector/Self Employed","Yes",1200000,5,0,"No","No"
879,29,"Private Sector/Self Employed","Yes",1050000,4,0,"No","No"
935,27,"Private Sector/Self Employed","No",1550000,7,0,"Yes","No"
673,30,"Private Sector/Self Employed","No",750000,3,1,"No","No"
835,35,"Private Sector/Self Employed","No",6e+05,9,0,"No","No"
55,26,"Private Sector/Self Employed","Yes",750000,5,0,"No","No"
1048,25,"Private Sector/Self Employed","Yes",5e+05,5,1,"No","No"
933,28,"Government Sector","Yes",6e+05,5,0,"No","Yes"
1104,34,"Private Sector/Self Employed","Yes",1e+06,5,0,"No","No"
1495,29,"Private Sector/Self Employed","Yes",6e+05,4,0,"No","No"
1884,28,"Government Sector","Yes",1200000,4,0,"No","No"
493,29,"Private Sector/Self Employed","Yes",1050000,7,0,"No","No"
1596,31,"Government Sector","No",4e+05,3,0,"No","No"
917,28,"Government Sector","Yes",3e+05,6,0,"No","No"
1503,29,"Private Sector/Self Employed","Yes",5e+05,4,0,"No","No"
103,26,"Private Sector/Self Employed","Yes",1400000,5,0,"No","Yes"
1026,28,"Private Sector/Self Employed","Yes",7e+05,4,0,"No","No"
1202,31,"Private Sector/Self Employed","Yes",1400000,4,0,"No","Yes"
658,30,"Private Sector/Self Employed","No",1450000,6,0,"Yes","Yes"
160,31,"Government Sector","Yes",1200000,5,1,"No","No"
383,29,"Private Sector/Self Employed","Yes",1100000,4,0,"No","No"
435,34,"Private Sector/Self Employed","Yes",1500000,4,1,"Yes","Yes"
1903,33,"Government Sector","Yes",650000,4,0,"No","Yes"
259,33,"Government Sector","Yes",4e+05,3,1,"No","No"
716,29,"Private Sector/Self Employed","Yes",1100000,7,0,"No","No"
59,33,"Private Sector/Self Employed","Yes",1400000,9,0,"Yes","Yes"
447,29,"Private Sector/Self Employed","Yes",5e+05,3,0,"No","No"
487,34,"Private Sector/Self Employed","Yes",850000,4,0,"No","No"
180,28,"Private Sector/Self Employed","Yes",750000,6,0,"Yes","No"
1533,33,"Government Sector","Yes",6e+05,8,0,"No","No"
1156,28,"Private Sector/Self Employed","Yes",1300000,6,0,"No","No"
1451,25,"Private Sector/Self Employed","No",1150000,4,1,"No","No"
1570,28,"Private Sector/Self Employed","Yes",7e+05,5,0,"No","Yes"
1400,29,"Private Sector/Self Employed","Yes",1050000,6,1,"Yes","No"
1302,28,"Private Sector/Self Employed","No",550000,3,0,"No","No"
1877,28,"Private Sector/Self Employed","Yes",1100000,7,0,"Yes","No"
675,27,"Private Sector/Self Employed","No",350000,3,0,"No","No"
1936,33,"Private Sector/Self Employed","Yes",1500000,7,0,"Yes","Yes"
610,31,"Private Sector/Self Employed","Yes",9e+05,8,0,"No","Yes"
147,31,"Government Sector","No",4e+05,4,1,"No","No"
149,28,"Private Sector/Self Employed","Yes",8e+05,5,1,"No","No"
120,28,"Private Sector/Self Employed","Yes",8e+05,3,1,"No","No"
168,27,"Government Sector","Yes",850000,7,1,"No","No"
597,34,"Private Sector/Self Employed","Yes",1e+06,4,0,"No","No"
1490,25,"Private Sector/Self Employed","No",1150000,5,0,"No","No"
1668,29,"Private Sector/Self Employed","Yes",350000,9,0,"No","No"
766,34,"Private Sector/Self Employed","Yes",7e+05,3,1,"No","No"
529,28,"Private Sector/Self Employed","Yes",1250000,4,0,"Yes","No"
1446,29,"Private Sector/Self Employed","Yes",5e+05,5,0,"No","No"
1114,33,"Government Sector","Yes",1e+06,3,0,"No","Yes"
163,32,"Government Sector","Yes",350000,5,0,"No","No"
1502,28,"Private Sector/Self Employed","Yes",750000,6,1,"No","No"
50,31,"Private Sector/Self Employed","Yes",1250000,3,1,"No","No"
118,31,"Government Sector","Yes",1500000,4,1,"Yes","Yes"
1907,28,"Private Sector/Self Employed","Yes",6e+05,5,0,"Yes","No"
1773,28,"Private Sector/Self Employed","Yes",5e+05,4,0,"No","No"
1554,31,"Private Sector/Self Employed","Yes",9e+05,5,0,"Yes","No"
1704,26,"Private Sector/Self Employed","Yes",1400000,3,1,"No","Yes"
1585,25,"Private Sector/Self Employed","Yes",1700000,2,1,"Yes","No"
88,34,"Private Sector/Self Employed","Yes",1050000,5,1,"No","No"
532,31,"Government Sector","Yes",1300000,5,1,"Yes","No"
590,28,"Private Sector/Self Employed","Yes",5e+05,5,0,"No","No"
1650,25,"Private Sector/Self Employed","Yes",1800000,4,1,"Yes","No"
703,27,"Government Sector","Yes",5e+05,6,0,"No","No"
1597,31,"Private Sector/Self Employed","Yes",1250000,6,0,"No","No"
845,28,"Private Sector/Self Employed","Yes",750000,3,1,"No","No"
1094,34,"Private Sector/Self Employed","Yes",7e+05,5,1,"No","No"
1407,31,"Private Sector/Self Employed","Yes",1250000,4,0,"No","No"
314,26,"Private Sector/Self Employed","Yes",1400000,5,0,"No","Yes"
1815,33,"Private Sector/Self Employed","Yes",550000,3,1,"No","No"
1878,28,"Private Sector/Self Employed","Yes",7e+05,4,0,"No","No"
1437,30,"Private Sector/Self Employed","No",5e+05,7,0,"No","No"
1516,34,"Government Sector","Yes",1300000,2,0,"No","No"
569,27,"Government Sector","Yes",5e+05,4,1,"No","No"
1640,26,"Private Sector/Self Employed","Yes",6e+05,6,0,"No","No"
831,27,"Government Sector","Yes",1050000,6,1,"No","No"
1754,30,"Private Sector/Self Employed","No",1450000,4,1,"Yes","Yes"
1673,28,"Private Sector/Self Employed","Yes",7e+05,3,0,"No","No"
1629,34,"Private Sector/Self Employed","Yes",1e+06,5,0,"Yes","No"
1191,25,"Private Sector/Self Employed","No",1150000,5,1,"No","No"
1750,28,"Private Sector/Self Employed","Yes",7e+05,5,0,"No","No"
632,34,"Private Sector/Self Employed","Yes",7e+05,3,0,"No","No"
1415,31,"Government Sector","Yes",1300000,3,1,"No","No"
280,32,"Government Sector","Yes",8e+05,6,0,"Yes","No"
1652,34,"Government Sector","Yes",1100000,7,1,"Yes","No"
1781,29,"Private Sector/Self Employed","Yes",6e+05,5,1,"No","No"
723,29,"Private Sector/Self Employed","Yes",1050000,2,1,"Yes","No"
4,28,"Private Sector/Self Employed","Yes",7e+05,8,1,"Yes","No"
1353,33,"Private Sector/Self Employed","Yes",1200000,2,0,"No","No"
491,28,"Private Sector/Self Employed","Yes",1100000,4,1,"No","No"
19,34,"Private Sector/Self Employed","Yes",1500000,2,0,"Yes","Yes"
1206,29,"Private Sector/Self Employed","Yes",1200000,3,0,"No","No"
1658,35,"Private Sector/Self Employed","No",950000,6,0,"No","Yes"
1102,29,"Private Sector/Self Employed","Yes",1200000,5,1,"No","No"
513,27,"Government Sector","Yes",850000,5,1,"No","No"
827,32,"Government Sector","Yes",850000,7,1,"No","No"
68,29,"Private Sector/Self Employed","Yes",350000,4,0,"No","No"
1577,28,"Government Sector","No",3e+05,4,0,"No","No"
1496,28,"Private Sector/Self Employed","Yes",750000,4,0,"No","No"
1252,34,"Private Sector/Self Employed","Yes",1050000,5,0,"No","No"
1319,26,"Private Sector/Self Employed","Yes",6e+05,6,0,"Yes","No"
140,28,"Private Sector/Self Employed","Yes",550000,4,1,"No","No"
792,28,"Private Sector/Self Employed","Yes",750000,6,0,"Yes","No"
131,28,"Private Sector/Self Employed","Yes",750000,4,0,"No","No"
41,33,"Private Sector/Self Employed","Yes",550000,5,0,"No","No"
1920,32,"Government Sector","Yes",8e+05,5,0,"No","No"
753,33,"Government Sector","Yes",1100000,4,1,"No","No"
132,28,"Private Sector/Self Employed","Yes",1100000,4,0,"No","No"
1216,27,"Private Sector/Self Employed","No",8e+05,6,0,"No","No"
293,31,"Private Sector/Self Employed","Yes",1250000,3,0,"No","No"
749,34,"Government Sector","Yes",1300000,8,0,"No","No"
1420,33,"Government Sector","Yes",7e+05,3,0,"No","No"
263,35,"Private Sector/Self Employed","No",8e+05,4,0,"No","No"
176,34,"Private Sector/Self Employed","Yes",1050000,6,0,"No","No"
594,33,"Private Sector/Self Employed","Yes",550000,5,0,"Yes","No"
943,29,"Private Sector/Self Employed","Yes",1200000,5,1,"No","No"
1391,31,"Private Sector/Self Employed","Yes",1400000,4,1,"No","Yes"
1456,25,"Private Sector/Self Employed","No",1700000,3,0,"Yes","No"
1162,34,"Private Sector/Self Employed","No",1400000,4,0,"No","Yes"
726,25,"Private Sector/Self Employed","Yes",1700000,5,0,"Yes","No"
319,25,"Private Sector/Self Employed","Yes",1700000,2,1,"Yes","No"
1954,30,"Private Sector/Self Employed","No",550000,6,1,"No","No"
114,29,"Private Sector/Self Employed","Yes",5e+05,5,0,"No","No"
1476,33,"Private Sector/Self Employed","Yes",1750000,6,0,"No","No"
1473,29,"Private Sector/Self Employed","Yes",1050000,6,0,"No","No"
452,34,"Private Sector/Self Employed","Yes",1300000,4,1,"No","No"
395,32,"Government Sector","Yes",8e+05,5,0,"No","No"
1847,28,"Government Sector","Yes",1200000,3,0,"No","No"
1970,29,"Private Sector/Self Employed","Yes",5e+05,4,0,"No","No"
881,29,"Private Sector/Self Employed","Yes",1200000,4,0,"No","No"
1541,28,"Private Sector/Self Employed","Yes",1100000,4,0,"No","No"
158,31,"Private Sector/Self Employed","Yes",1250000,6,0,"Yes","No"
1553,28,"Private Sector/Self Employed","Yes",1450000,3,0,"Yes","Yes"
494,34,"Government Sector","Yes",1300000,5,1,"No","Yes"
108,26,"Private Sector/Self Employed","Yes",1300000,4,0,"No","No"
518,29,"Private Sector/Self Employed","Yes",1350000,4,0,"Yes","Yes"
538,28,"Private Sector/Self Employed","Yes",1150000,2,1,"Yes","No"
752,28,"Private Sector/Self Employed","No",550000,6,0,"No","No"
1863,34,"Private Sector/Self Employed","Yes",5e+05,5,0,"No","No"
392,31,"Private Sector/Self Employed","Yes",950000,4,1,"No","No"
647,34,"Private Sector/Self Employed","No",1300000,5,0,"Yes","No"
1109,25,"Private Sector/Self Employed","Yes",1400000,4,1,"Yes","Yes"
44,25,"Private Sector/Self Employed","Yes",1400000,7,0,"No","Yes"
901,33,"Government Sector","Yes",7e+05,2,0,"No","No"
111,28,"Private Sector/Self Employed","Yes",8e+05,5,0,"No","No"
1050,33,"Government Sector","Yes",1100000,2,1,"No","Yes"
939,31,"Private Sector/Self Employed","Yes",5e+05,8,0,"No","No"
221,28,"Private Sector/Self Employed","Yes",1200000,6,1,"No","No"
265,27,"Government Sector","Yes",850000,6,0,"Yes","No"
157,28,"Private Sector/Self Employed","Yes",6e+05,3,1,"No","No"
1743,35,"Private Sector/Self Employed","No",950000,4,0,"No","No"
773,31,"Private Sector/Self Employed","Yes",950000,6,0,"No","No"
1608,26,"Private Sector/Self Employed","Yes",1500000,6,0,"Yes","Yes"
949,29,"Private Sector/Self Employed","Yes",1200000,3,1,"No","Yes"
729,27,"Private Sector/Self Employed","No",6e+05,3,0,"No","Yes"
385,34,"Private Sector/Self Employed","Yes",1e+06,5,0,"No","No"
1198,33,"Government Sector","Yes",4e+05,4,0,"No","No"
299,27,"Private Sector/Self Employed","No",450000,3,0,"No","No"
1284,33,"Government Sector","Yes",4e+05,5,0,"No","No"
1189,34,"Private Sector/Self Employed","No",1300000,3,0,"No","No"
1138,28,"Private Sector/Self Employed","Yes",9e+05,6,1,"Yes","No"
339,29,"Private Sector/Self Employed","Yes",1050000,5,0,"No","No"
91,28,"Government Sector","Yes",3e+05,4,1,"No","No"
411,28,"Government Sector","Yes",6e+05,6,0,"No","No"
98,29,"Private Sector/Self Employed","Yes",1100000,6,0,"No","No"
1151,34,"Private Sector/Self Employed","Yes",7e+05,7,0,"No","No"
844,33,"Government Sector","Yes",1100000,2,0,"No","No"
1690,35,"Private Sector/Self Employed","No",8e+05,6,1,"No","Yes"
782,28,"Private Sector/Self Employed","Yes",1200000,4,0,"No","No"
993,34,"Private Sector/Self Employed","Yes",7e+05,2,0,"Yes","No"
1447,31,"Government Sector","No",3e+05,3,1,"No","No"
1020,25,"Private Sector/Self Employed","No",1150000,4,0,"No","No"
1646,28,"Private Sector/Self Employed","Yes",1250000,3,1,"No","No"
899,25,"Private Sector/Self Employed","Yes",1700000,3,0,"Yes","No"
1215,25,"Private Sector/Self Employed","Yes",1700000,5,0,"Yes","No"
1108,35,"Private Sector/Self Employed","No",950000,3,0,"Yes","No"
1325,30,"Private Sector/Self Employed","No",8e+05,4,0,"No","No"
1231,34,"Private Sector/Self Employed","Yes",1500000,4,1,"Yes","Yes"
1017,28,"Government Sector","Yes",3e+05,3,1,"No","No"
1551,28,"Private Sector/Self Employed","Yes",1300000,6,0,"No","No"
382,31,"Private Sector/Self Employed","Yes",1400000,6,0,"No","Yes"
727,34,"Government Sector","Yes",1100000,7,1,"No","No"
1974,28,"Private Sector/Self Employed","Yes",1200000,6,0,"Yes","No"
770,28,"Government Sector","Yes",6e+05,5,0,"No","No"
1536,26,"Private Sector/Self Employed","Yes",6e+05,7,1,"No","No"
1110,29,"Private Sector/Self Employed","Yes",1100000,4,0,"No","Yes"
483,28,"Private Sector/Self Employed","Yes",1150000,4,0,"No","No"
502,28,"Government Sector","Yes",3e+05,4,1,"No","No"
1753,33,"Government Sector","Yes",6e+05,7,0,"No","No"
1173,32,"Government Sector","Yes",850000,7,0,"No","Yes"
514,28,"Private Sector/Self Employed","Yes",5e+05,4,0,"No","No"
751,28,"Private Sector/Self Employed","Yes",1350000,9,0,"No","Yes"
1910,28,"Private Sector/Self Employed","Yes",1150000,7,0,"No","No"
311,34,"Private Sector/Self Employed","Yes",1500000,7,0,"Yes","Yes"
57,34,"Private Sector/Self Employed","Yes",1e+06,6,0,"No","No"
1331,31,"Private Sector/Self Employed","Yes",1250000,5,0,"No","No"
704,33,"Government Sector","Yes",7e+05,8,0,"No","No"
1134,31,"Private Sector/Self Employed","Yes",1250000,7,0,"No","No"
341,28,"Private Sector/Self Employed","Yes",550000,7,0,"No","No"
1811,29,"Private Sector/Self Employed","Yes",1100000,8,0,"No","No"
90,27,"Government Sector","Yes",1050000,3,0,"No","No"
121,26,"Private Sector/Self Employed","Yes",1400000,6,0,"No","Yes"
43,28,"Private Sector/Self Employed","Yes",1200000,4,0,"Yes","No"
1856,26,"Private Sector/Self Employed","Yes",6e+05,3,0,"Yes","No"
1123,25,"Private Sector/Self Employed","Yes",1800000,6,1,"Yes","No"
312,32,"Government Sector","Yes",850000,7,0,"No","No"
645,28,"Private Sector/Self Employed","Yes",1100000,4,0,"No","No"
1255,28,"Government Sector","Yes",1200000,3,0,"No","No"
821,34,"Private Sector/Self Employed","Yes",1e+06,4,1,"No","No"
480,34,"Private Sector/Self Employed","Yes",1050000,7,0,"Yes","No"
1383,25,"Private Sector/Self Employed","Yes",1400000,2,1,"No","Yes"
1034,25,"Private Sector/Self Employed","Yes",1400000,3,0,"Yes","Yes"
1333,28,"Private Sector/Self Employed","Yes",1250000,5,0,"No","No"
724,25,"Government Sector","Yes",750000,3,0,"No","No"
1431,25,"Private Sector/Self Employed","No",1150000,6,0,"No","No"
80,26,"Private Sector/Self Employed","Yes",1300000,4,1,"No","No"
1279,29,"Private Sector/Self Employed","Yes",1200000,5,0,"Yes","No"
1077,27,"Government Sector","Yes",1050000,4,0,"No","No"
145,28,"Private Sector/Self Employed","Yes",1150000,6,0,"No","No"
1558,32,"Government Sector","Yes",8e+05,5,0,"No","No"
747,34,"Private Sector/Self Employed","Yes",1300000,6,0,"No","No"
327,34,"Government Sector","Yes",1300000,3,0,"No","No"
1487,32,"Government Sector","Yes",350000,3,0,"No","No"
1029,31,"Government Sector","No",3e+05,3,0,"No","No"
1488,28,"Private Sector/Self Employed","Yes",7e+05,4,0,"No","No"
1931,34,"Private Sector/Self Employed","Yes",1300000,4,1,"No","No"
249,28,"Private Sector/Self Employed","Yes",1150000,5,0,"No","No"
1281,29,"Government Sector","Yes",6e+05,4,0,"No","No"
1311,28,"Private Sector/Self Employed","Yes",8e+05,3,0,"No","No"
233,31,"Government Sector","Yes",1200000,6,1,"No","No"
295,28,"Private Sector/Self Employed","Yes",550000,5,0,"No","No"
1538,31,"Government Sector","Yes",4e+05,5,0,"No","No"
1791,28,"Private Sector/Self Employed","Yes",1200000,5,0,"No","No"
1582,31,"Private Sector/Self Employed","Yes",9e+05,4,0,"No","No"
1804,28,"Private Sector/Self Employed","Yes",1100000,5,0,"No","No"
1934,25,"Private Sector/Self Employed","No",1350000,3,1,"Yes","Yes"
566,27,"Government Sector","Yes",850000,3,0,"No","Yes"
181,26,"Private Sector/Self Employed","Yes",1300000,3,0,"No","No"
552,27,"Government Sector","Yes",1050000,4,0,"No","No"
60,31,"Private Sector/Self Employed","Yes",1250000,4,0,"Yes","Yes"
571,32,"Government Sector","Yes",850000,5,1,"No","No"
509,28,"Private Sector/Self Employed","Yes",1450000,6,0,"Yes","Yes"
1803,33,"Private Sector/Self Employed","Yes",1400000,5,0,"No","Yes"
648,28,"Private Sector/Self Employed","Yes",8e+05,4,0,"No","No"
1647,34,"Private Sector/Self Employed","Yes",850000,5,1,"Yes","No"
65,26,"Private Sector/Self Employed","Yes",6e+05,5,1,"No","No"
798,34,"Government Sector","Yes",1300000,5,1,"No","No"
244,27,"Government Sector","Yes",5e+05,4,0,"No","No"
1229,33,"Government Sector","Yes",4e+05,9,0,"No","No"
600,34,"Private Sector/Self Employed","Yes",1500000,4,1,"Yes","Yes"
1384,34,"Private Sector/Self Employed","Yes",1e+06,4,0,"Yes","No"
1371,28,"Government Sector","Yes",1200000,4,0,"No","No"
1491,26,"Private Sector/Self Employed","Yes",1400000,7,1,"Yes","Yes"
1481,34,"Private Sector/Self Employed","Yes",5e+05,6,0,"No","No"
1176,34,"Private Sector/Self Employed","No",1300000,5,0,"No","No"
16,28,"Private Sector/Self Employed","Yes",1150000,4,1,"No","No"
1213,25,"Government Sector","Yes",750000,2,0,"No","Yes"
1056,31,"Government Sector","Yes",1300000,4,0,"No","No"
1376,27,"Government Sector","Yes",750000,3,1,"No","No"
978,32,"Government Sector","Yes",9e+05,4,0,"Yes","No"
1664,25,"Private Sector/Self Employed","No",1150000,4,0,"Yes","No"
1567,33,"Private Sector/Self Employed","Yes",1500000,5,0,"Yes","Yes"
275,26,"Private Sector/Self Employed","Yes",1400000,4,1,"No","Yes"
623,28,"Private Sector/Self Employed","Yes",1100000,3,0,"No","No"
1686,28,"Private Sector/Self Employed","Yes",8e+05,6,0,"No","Yes"
1751,28,"Government Sector","Yes",3e+05,5,0,"No","No"
794,26,"Government Sector","Yes",5e+05,7,1,"No","No"
864,26,"Private Sector/Self Employed","Yes",6e+05,6,0,"Yes","No"
1833,29,"Private Sector/Self Employed","Yes",1200000,5,0,"No","No"
1770,34,"Private Sector/Self Employed","Yes",1050000,4,1,"No","No"
1249,28,"Government Sector","Yes",6e+05,4,0,"No","No"
695,28,"Private Sector/Self Employed","Yes",1150000,7,0,"No","No"
340,27,"Private Sector/Self Employed","No",8e+05,7,1,"No","No"
471,26,"Private Sector/Self Employed","Yes",1250000,3,0,"No","No"
302,34,"Private Sector/Self Employed","Yes",7e+05,6,0,"No","No"
1898,25,"Private Sector/Self Employed","No",6e+05,4,1,"Yes","No"
595,25,"Private Sector/Self Employed","No",1150000,5,1,"Yes","No"
801,31,"Private Sector/Self Employed","Yes",5e+05,4,1,"No","No"
1544,29,"Private Sector/Self Employed","Yes",1200000,8,0,"No","No"
1405,28,"Government Sector","Yes",6e+05,8,0,"No","No"
937,28,"Private Sector/Self Employed","Yes",1250000,4,0,"No","No"
908,34,"Private Sector/Self Employed","Yes",1300000,3,0,"No","Yes"
1429,32,"Government Sector","Yes",650000,3,0,"No","No"
362,28,"Private Sector/Self Employed","Yes",7e+05,2,1,"No","No"
1187,29,"Private Sector/Self Employed","Yes",1200000,6,1,"No","No"
1343,26,"Private Sector/Self Employed","Yes",1500000,5,1,"Yes","Yes"
1309,33,"Private Sector/Self Employed","Yes",1400000,4,0,"No","Yes"
1731,31,"Private Sector/Self Employed","Yes",5e+05,5,0,"No","No"
524,32,"Government Sector","Yes",8e+05,4,0,"No","No"
1266,33,"Private Sector/Self Employed","Yes",1400000,8,1,"No","Yes"
1471,35,"Government Sector","Yes",1100000,3,0,"No","No"
593,28,"Government Sector","Yes",6e+05,4,0,"No","No"
1280,25,"Private Sector/Self Employed","Yes",1400000,4,0,"No","Yes"
761,26,"Private Sector/Self Employed","Yes",1500000,3,0,"Yes","Yes"
324,28,"Government Sector","Yes",3e+05,5,0,"No","No"
701,29,"Private Sector/Self Employed","Yes",1350000,7,1,"No","Yes"
109,25,"Private Sector/Self Employed","Yes",1700000,3,0,"Yes","No"
1059,32,"Government Sector","Yes",350000,4,0,"No","No"
958,27,"Private Sector/Self Employed","No",350000,5,1,"No","No"
1911,27,"Private Sector/Self Employed","No",1550000,6,1,"Yes","No"
224,31,"Private Sector/Self Employed","Yes",1100000,5,0,"Yes","No"
1795,27,"Government Sector","Yes",850000,4,0,"No","No"
396,33,"Government Sector","Yes",650000,6,1,"No","No"
305,26,"Private Sector/Self Employed","Yes",1250000,4,1,"No","Yes"
934,28,"Private Sector/Self Employed","Yes",8e+05,5,0,"Yes","No"
1906,28,"Private Sector/Self Employed","Yes",1450000,6,0,"Yes","Yes"
1828,28,"Government Sector","Yes",3e+05,3,0,"No","No"
1672,28,"Private Sector/Self Employed","Yes",1350000,5,0,"No","Yes"
1594,25,"Private Sector/Self Employed","Yes",1400000,5,1,"No","Yes"
743,29,"Private Sector/Self Employed","Yes",5e+05,6,0,"No","No"
563,33,"Private Sector/Self Employed","Yes",550000,3,1,"No","No"
1120,31,"Government Sector","No",3e+05,4,0,"No","No"
1685,28,"Private Sector/Self Employed","Yes",750000,5,1,"Yes","No"
477,34,"Private Sector/Self Employed","Yes",1500000,6,1,"Yes","Yes"
241,35,"Private Sector/Self Employed","No",8e+05,6,0,"No","No"
1230,31,"Government Sector","Yes",1500000,6,0,"Yes","Yes"
1616,27,"Government Sector","Yes",5e+05,2,0,"No","No"
86,32,"Government Sector","Yes",9e+05,4,0,"No","No"
1671,29,"Private Sector/Self Employed","Yes",1350000,8,0,"No","Yes"
859,28,"Private Sector/Self Employed","Yes",8e+05,4,0,"No","No"
397,25,"Government Sector","Yes",750000,5,0,"No","No"
627,27,"Government Sector","Yes",5e+05,6,0,"No","No"
350,31,"Private Sector/Self Employed","Yes",950000,5,0,"Yes","Yes"
1271,25,"Private Sector/Self Employed","Yes",5e+05,4,1,"No","No"
1103,34,"Private Sector/Self Employed","Yes",1050000,5,1,"No","No"
1404,34,"Private Sector/Self Employed","Yes",1e+06,6,0,"No","No"
459,34,"Private Sector/Self Employed","Yes",1500000,5,0,"Yes","Yes"
687,28,"Private Sector/Self Employed","Yes",1150000,3,0,"No","No"
762,28,"Private Sector/Self Employed","Yes",8e+05,5,0,"No","No"
523,33,"Government Sector","Yes",4e+05,5,1,"No","No"
475,34,"Private Sector/Self Employed","Yes",1e+06,4,0,"No","No"
267,33,"Government Sector","Yes",1100000,4,0,"No","No"
1352,31,"Government Sector","Yes",4e+05,5,0,"No","No"
1928,34,"Private Sector/Self Employed","Yes",1500000,7,0,"Yes","Yes"
1547,34,"Private Sector/Self Employed","Yes",1500000,4,1,"Yes","Yes"
7,31,"Private Sector/Self Employed","Yes",1350000,3,0,"Yes","Yes"
1389,25,"Private Sector/Self Employed","No",1150000,6,0,"No","No"
670,28,"Private Sector/Self Employed","Yes",8e+05,4,1,"No","No"
836,28,"Private Sector/Self Employed","Yes",1450000,4,0,"Yes","Yes"
1769,29,"Private Sector/Self Employed","Yes",1050000,5,0,"No","No"
1053,34,"Private Sector/Self Employed","Yes",1050000,4,0,"No","No"
520,35,"Government Sector","Yes",1100000,4,1,"No","No"
1796,28,"Private Sector/Self Employed","Yes",1200000,3,0,"No","No"
1363,28,"Government Sector","Yes",6e+05,7,0,"No","No"
1823,25,"Private Sector/Self Employed","Yes",1800000,6,0,"Yes","No"
1419,27,"Government Sector","Yes",1050000,5,0,"No","No"
127,27,"Government Sector","Yes",750000,5,0,"No","No"
1842,34,"Private Sector/Self Employed","Yes",7e+05,4,1,"Yes","No"
1065,28,"Government Sector","No",3e+05,7,1,"No","No"
101,33,"Private Sector/Self Employed","Yes",1500000,3,1,"Yes","Yes"
1421,31,"Private Sector/Self Employed","Yes",1350000,3,1,"Yes","Yes"
955,34,"Private Sector/Self Employed","Yes",1300000,6,0,"No","No"
321,28,"Private Sector/Self Employed","Yes",5e+05,3,0,"No","No"
1234,34,"Government Sector","Yes",1300000,4,0,"No","No"
629,25,"Private Sector/Self Employed","No",6e+05,4,0,"Yes","No"
924,31,"Government Sector","Yes",4e+05,6,0,"No","No"
1518,31,"Private Sector/Self Employed","Yes",1250000,6,0,"No","No"
353,31,"Government Sector","No",3e+05,3,0,"No","No"
488,28,"Government Sector","Yes",3e+05,3,0,"No","No"
1702,27,"Government Sector","Yes",1050000,2,0,"No","No"
814,29,"Private Sector/Self Employed","Yes",1050000,6,1,"No","Yes"
573,27,"Private Sector/Self Employed","No",350000,3,0,"No","No"
12,32,"Government Sector","Yes",850000,6,0,"No","No"
643,28,"Private Sector/Self Employed","Yes",1100000,5,1,"No","No"
1093,26,"Private Sector/Self Employed","Yes",1500000,5,0,"Yes","Yes"
1273,29,"Private Sector/Self Employed","Yes",1200000,4,0,"Yes","No"
47,35,"Government Sector","Yes",1100000,5,0,"No","No"
975,30,"Private Sector/Self Employed","No",1450000,3,1,"Yes","Yes"
1417,35,"Private Sector/Self Employed","No",8e+05,5,0,"No","No"
895,28,"Private Sector/Self Employed","Yes",6e+05,5,0,"No","Yes"
559,29,"Private Sector/Self Employed","Yes",1200000,3,0,"No","No"
261,28,"Private Sector/Self Employed","Yes",1100000,4,1,"No","No"
1223,33,"Private Sector/Self Employed","Yes",550000,5,1,"No","No"
1975,26,"Private Sector/Self Employed","Yes",1400000,9,0,"No","Yes"
834,33,"Private Sector/Self Employed","Yes",1400000,5,1,"Yes","Yes"
231,31,"Government Sector","Yes",1200000,5,1,"No","No"
26,34,"Private Sector/Self Employed","No",1300000,6,0,"Yes","No"
588,35,"Private Sector/Self Employed","No",8e+05,6,0,"No","No"
1881,34,"Private Sector/Self Employed","Yes",1300000,4,0,"No","No"
1590,30,"Private Sector/Self Employed","No",550000,5,0,"Yes","No"
1338,28,"Private Sector/Self Employed","Yes",1450000,4,0,"Yes","Yes"
1510,26,"Private Sector/Self Employed","Yes",5e+05,3,0,"No","No"
1010,27,"Government Sector","Yes",5e+05,8,0,"No","No"
1357,30,"Private Sector/Self Employed","No",550000,7,0,"No","No"
717,28,"Private Sector/Self Employed","Yes",8e+05,4,0,"No","No"
58,33,"Private Sector/Self Employed","Yes",1400000,6,0,"Yes","Yes"
1611,26,"Private Sector/Self Employed","Yes",1400000,6,1,"No","Yes"
1018,31,"Government Sector","Yes",4e+05,7,0,"No","No"
542,27,"Private Sector/Self Employed","No",6e+05,4,0,"Yes","No"
1146,29,"Private Sector/Self Employed","Yes",1200000,4,0,"No","No"
1416,26,"Private Sector/Self Employed","Yes",6e+05,6,1,"No","No"
1348,33,"Government Sector","Yes",8e+05,4,0,"No","No"
1047,31,"Private Sector/Self Employed","Yes",1350000,4,0,"No","Yes"
460,25,"Private Sector/Self Employed","No",1350000,6,0,"No","Yes"
763,28,"Government Sector","Yes",6e+05,4,1,"No","No"
1891,28,"Private Sector/Self Employed","Yes",8e+05,7,1,"No","No"
998,26,"Private Sector/Self Employed","Yes",1400000,4,0,"No","Yes"
497,28,"Private Sector/Self Employed","Yes",1200000,5,0,"Yes","No"
1042,31,"Private Sector/Self Employed","Yes",5e+05,2,0,"No","No"
375,28,"Private Sector/Self Employed","Yes",1100000,6,1,"No","No"
465,26,"Private Sector/Self Employed","Yes",1500000,5,0,"Yes","Yes"
1789,28,"Private Sector/Self Employed","Yes",1150000,3,1,"No","No"
918,33,"Government Sector","Yes",1e+06,7,1,"No","No"
1441,31,"Government Sector","Yes",4e+05,4,0,"No","No"
1555,26,"Private Sector/Self Employed","Yes",1400000,9,1,"No","Yes"
1760,34,"Private Sector/Self Employed","Yes",1500000,3,0,"Yes","Yes"
880,28,"Private Sector/Self Employed","Yes",750000,6,0,"Yes","No"
853,31,"Government Sector","Yes",4e+05,6,1,"No","No"
1852,28,"Private Sector/Self Employed","Yes",1200000,6,1,"No","No"
1654,25,"Private Sector/Self Employed","Yes",1400000,5,1,"Yes","Yes"
441,34,"Private Sector/Self Employed","Yes",850000,5,0,"No","No"
1561,28,"Private Sector/Self Employed","Yes",7e+05,7,0,"No","No"
40,25,"Private Sector/Self Employed","Yes",1400000,3,1,"Yes","Yes"
96,28,"Private Sector/Self Employed","Yes",7e+05,4,0,"No","No"
1955,33,"Government Sector","Yes",1750000,4,0,"No","No"
124,32,"Government Sector","Yes",350000,4,1,"No","No"
969,31,"Private Sector/Self Employed","Yes",9e+05,3,0,"No","No"
236,26,"Private Sector/Self Employed","Yes",1500000,5,0,"Yes","Yes"
338,28,"Private Sector/Self Employed","Yes",6e+05,3,0,"No","No"
1283,28,"Private Sector/Self Employed","Yes",9e+05,2,0,"Yes","No"
1756,29,"Private Sector/Self Employed","Yes",9e+05,3,0,"No","No"
458,26,"Private Sector/Self Employed","Yes",750000,3,1,"No","No"
143,26,"Private Sector/Self Employed","Yes",1300000,4,0,"No","No"
1157,28,"Private Sector/Self Employed","Yes",8e+05,5,1,"No","No"
1973,31,"Private Sector/Self Employed","Yes",1350000,3,0,"No","Yes"
455,35,"Government Sector","Yes",1100000,4,0,"No","No"
20,28,"Private Sector/Self Employed","Yes",1150000,6,0,"Yes","No"
1913,33,"Government Sector","Yes",1100000,5,0,"No","No"
297,35,"Private Sector/Self Employed","No",8e+05,7,1,"No","No"
1192,33,"Government Sector","Yes",1100000,3,0,"No","No"
1499,28,"Private Sector/Self Employed","Yes",1200000,3,0,"No","No"
1274,34,"Private Sector/Self Employed","Yes",1e+06,3,0,"No","No"
1575,30,"Private Sector/Self Employed","No",550000,3,0,"No","No"
507,32,"Government Sector","Yes",8e+05,2,1,"No","No"
289,26,"Private Sector/Self Employed","Yes",5e+05,3,0,"No","No"
769,30,"Private Sector/Self Employed","No",8e+05,3,0,"No","No"
1820,28,"Private Sector/Self Employed","Yes",8e+05,5,0,"No","No"
1310,28,"Private Sector/Self Employed","Yes",1150000,6,0,"No","No"
1509,28,"Private Sector/Self Employed","Yes",1300000,4,1,"No","No"
1880,27,"Government Sector","Yes",1050000,4,1,"No","No"
1883,27,"Government Sector","Yes",5e+05,4,0,"No","No"
1519,28,"Government Sector","Yes",3e+05,6,0,"No","No"
1552,28,"Private Sector/Self Employed","Yes",750000,2,0,"No","No"
1298,27,"Government Sector","Yes",5e+05,2,1,"No","No"
1112,35,"Private Sector/Self Employed","No",8e+05,4,0,"No","No"
907,26,"Private Sector/Self Employed","Yes",1400000,6,0,"No","Yes"
189,26,"Private Sector/Self Employed","Yes",1400000,7,1,"No","Yes"
1909,28,"Government Sector","No",3e+05,4,1,"No","No"
313,25,"Private Sector/Self Employed","No",1150000,4,0,"No","No"
456,26,"Private Sector/Self Employed","Yes",1500000,5,1,"Yes","Yes"
990,29,"Private Sector/Self Employed","Yes",6e+05,4,0,"Yes","No"
175,30,"Private Sector/Self Employed","No",8e+05,3,0,"No","No"
1081,26,"Government Sector","Yes",1450000,5,0,"Yes","Yes"
1768,28,"Private Sector/Self Employed","Yes",650000,3,0,"No","No"
582,29,"Private Sector/Self Employed","Yes",1100000,3,0,"No","No"
1341,34,"Private Sector/Self Employed","Yes",1e+06,3,0,"No","No"
182,35,"Private Sector/Self Employed","No",8e+05,3,0,"Yes","No"
646,28,"Private Sector/Self Employed","Yes",1100000,6,0,"No","No"
683,28,"Private Sector/Self Employed","Yes",750000,4,0,"No","No"
1972,28,"Private Sector/Self Employed","Yes",8e+05,5,1,"No","No"
1080,28,"Private Sector/Self Employed","Yes",7e+05,7,0,"No","No"
1901,28,"Government Sector","Yes",6e+05,4,1,"No","No"
1937,34,"Private Sector/Self Employed","Yes",5e+05,5,0,"Yes","Yes"
1141,33,"Private Sector/Self Employed","Yes",750000,4,1,"No","No"
1055,25,"Private Sector/Self Employed","Yes",1700000,5,0,"Yes","No"
1030,34,"Private Sector/Self Employed","Yes",1e+06,3,1,"No","No"
1288,28,"Private Sector/Self Employed","Yes",750000,3,0,"No","No"
1720,29,"Private Sector/Self Employed","Yes",1100000,2,0,"No","No"
1347,28,"Private Sector/Self Employed","Yes",1300000,3,0,"No","No"
1328,28,"Private Sector/Self Employed","Yes",9e+05,2,0,"Yes","No"
482,32,"Government Sector","Yes",850000,9,0,"No","No"
1450,34,"Private Sector/Self Employed","Yes",1050000,7,0,"No","No"
1236,28,"Government Sector","Yes",6e+05,3,0,"No","No"
1439,33,"Government Sector","Yes",4e+05,7,1,"No","No"
1603,28,"Government Sector","Yes",6e+05,6,0,"No","No"
1098,28,"Private Sector/Self Employed","Yes",1150000,6,1,"No","No"
1827,32,"Government Sector","Yes",8e+05,5,1,"Yes","No"
277,31,"Private Sector/Self Employed","Yes",950000,7,0,"Yes","No"
1774,32,"Government Sector","Yes",350000,5,0,"No","No"
87,28,"Government Sector","Yes",3e+05,6,0,"No","No"
1275,29,"Private Sector/Self Employed","Yes",6e+05,6,0,"No","No"
1696,28,"Private Sector/Self Employed","Yes",8e+05,2,1,"No","No"
391,28,"Government Sector","Yes",1200000,5,0,"No","No"
150,28,"Private Sector/Self Employed","Yes",650000,2,1,"No","No"
1036,28,"Private Sector/Self Employed","Yes",750000,5,0,"No","No"
785,29,"Private Sector/Self Employed","Yes",1200000,7,0,"No","Yes"
826,28,"Private Sector/Self Employed","Yes",1150000,3,0,"Yes","No"
1254,34,"Private Sector/Self Employed","Yes",7e+05,8,0,"No","No"
779,25,"Private Sector/Self Employed","Yes",1400000,4,0,"No","Yes"
1514,34,"Private Sector/Self Employed","Yes",1e+06,6,1,"No","No"
1449,29,"Private Sector/Self Employed","Yes",1100000,4,1,"No","No"
635,28,"Private Sector/Self Employed","No",550000,4,0,"No","No"
1525,30,"Private Sector/Self Employed","No",8e+05,4,0,"No","No"
22,31,"Private Sector/Self Employed","Yes",1100000,4,0,"No","No"
1941,27,"Private Sector/Self Employed","No",450000,3,0,"No","No"
775,32,"Government Sector","Yes",350000,3,0,"No","No"
790,32,"Government Sector","Yes",9e+05,4,1,"No","No"
1436,31,"Private Sector/Self Employed","Yes",9e+05,5,0,"No","No"
307,28,"Private Sector/Self Employed","Yes",1150000,8,1,"No","No"
1583,28,"Government Sector","Yes",3e+05,6,0,"No","No"
948,29,"Private Sector/Self Employed","Yes",5e+05,5,0,"No","No"
1430,25,"Private Sector/Self Employed","Yes",1400000,6,0,"No","Yes"
253,28,"Private Sector/Self Employed","Yes",1400000,2,0,"No","Yes"
1749,33,"Government Sector","Yes",1100000,4,1,"No","Yes"
533,29,"Private Sector/Self Employed","Yes",6e+05,3,0,"No","No"
185,28,"Government Sector","Yes",3e+05,4,0,"No","No"
310,30,"Private Sector/Self Employed","No",550000,8,0,"No","No"
351,29,"Private Sector/Self Employed","Yes",1200000,9,1,"Yes","No"
388,28,"Private Sector/Self Employed","Yes",550000,5,0,"No","No"
1296,29,"Private Sector/Self Employed","Yes",1050000,3,0,"No","No"
1777,34,"Private Sector/Self Employed","Yes",7e+05,4,1,"Yes","No"
1692,29,"Private Sector/Self Employed","Yes",1100000,6,0,"Yes","No"
1528,28,"Private Sector/Self Employed","Yes",750000,2,0,"No","No"
346,25,"Private Sector/Self Employed","Yes",1800000,7,1,"Yes","No"
393,29,"Private Sector/Self Employed","Yes",1050000,3,0,"Yes","No"
1746,31,"Government Sector","Yes",4e+05,2,0,"No","No"
1358,26,"Private Sector/Self Employed","Yes",1500000,4,0,"Yes","Yes"
438,33,"Government Sector","Yes",4e+05,5,1,"No","No"
112,30,"Private Sector/Self Employed","No",8e+05,4,0,"No","No"
113,29,"Private Sector/Self Employed","Yes",9e+05,4,0,"Yes","No"
1096,30,"Private Sector/Self Employed","No",1450000,7,1,"Yes","Yes"
1242,28,"Private Sector/Self Employed","Yes",7e+05,3,1,"No","Yes"
230,29,"Private Sector/Self Employed","Yes",9e+05,7,0,"Yes","No"
1589,25,"Private Sector/Self Employed","Yes",1400000,4,0,"Yes","Yes"
956,25,"Private Sector/Self Employed","No",1700000,5,0,"Yes","No"
1489,29,"Private Sector/Self Employed","Yes",1350000,4,0,"No","Yes"
1207,26,"Private Sector/Self Employed","Yes",450000,6,0,"No","No"
1297,28,"Government Sector","Yes",3e+05,4,0,"No","No"
1158,34,"Private Sector/Self Employed","Yes",7e+05,2,0,"No","No"
227,34,"Private Sector/Self Employed","Yes",1300000,6,1,"No","No"
688,33,"Government Sector","Yes",4e+05,5,1,"No","No"
822,29,"Private Sector/Self Employed","Yes",1200000,4,0,"No","No"
1628,29,"Private Sector/Self Employed","Yes",1150000,4,1,"No","No"
1276,31,"Government Sector","Yes",1200000,5,1,"No","No"
927,33,"Private Sector/Self Employed","Yes",1500000,5,1,"Yes","Yes"
1600,28,"Government Sector","Yes",3e+05,7,0,"No","No"
279,32,"Government Sector","Yes",350000,6,0,"No","No"
331,33,"Private Sector/Self Employed","Yes",550000,4,0,"No","No"
889,35,"Private Sector/Self Employed","No",8e+05,3,1,"No","No"
516,31,"Private Sector/Self Employed","Yes",1250000,3,1,"No","No"
1475,28,"Government Sector","Yes",3e+05,4,0,"No","No"
668,33,"Government Sector","Yes",1e+06,5,0,"Yes","No"
1228,31,"Government Sector","No",4e+05,4,1,"No","No"
1201,28,"Private Sector/Self Employed","Yes",650000,5,0,"Yes","No"
1800,25,"Government Sector","Yes",750000,3,1,"No","No"
169,25,"Private Sector/Self Employed","No",6e+05,6,0,"No","No"
1504,34,"Private Sector/Self Employed","Yes",850000,2,0,"No","No"
702,28,"Private Sector/Self Employed","Yes",5e+05,8,0,"No","No"
1627,29,"Private Sector/Self Employed","Yes",1050000,3,0,"No","No"
1634,34,"Private Sector/Self Employed","Yes",1e+06,5,0,"No","No"
803,29,"Private Sector/Self Employed","Yes",1050000,7,1,"No","No"
1412,26,"Private Sector/Self Employed","Yes",5e+05,4,1,"No","No"
786,29,"Private Sector/Self Employed","Yes",5e+05,2,0,"No","No"
271,35,"Government Sector","Yes",9e+05,3,1,"No","No"
424,29,"Private Sector/Self Employed","Yes",1100000,7,1,"Yes","No"
659,34,"Private Sector/Self Employed","Yes",5e+05,3,0,"No","No"
909,26,"Private Sector/Self Employed","Yes",1400000,4,1,"No","Yes"
1037,29,"Private Sector/Self Employed","Yes",9e+05,7,0,"No","No"
429,32,"Government Sector","Yes",350000,2,0,"No","No"
1195,31,"Private Sector/Self Employed","Yes",9e+05,3,0,"No","No"
63,27,"Government Sector","Yes",5e+05,2,0,"No","No"
875,29,"Private Sector/Self Employed","Yes",6e+05,3,1,"No","No"
1136,27,"Private Sector/Self Employed","No",6e+05,6,0,"No","No"
82,28,"Private Sector/Self Employed","Yes",1250000,4,1,"No","No"
919,26,"Private Sector/Self Employed","Yes",1500000,6,0,"Yes","Yes"
1185,33,"Government Sector","Yes",4e+05,4,0,"No","No"
625,31,"Private Sector/Self Employed","Yes",1750000,4,0,"No","No"
1809,28,"Government Sector","Yes",3e+05,6,1,"No","No"
1478,28,"Government Sector","Yes",1100000,4,1,"No","No"
705,27,"Government Sector","Yes",850000,5,1,"No","No"
787,34,"Private Sector/Self Employed","Yes",1e+06,4,0,"No","No"
1636,28,"Private Sector/Self Employed","Yes",1400000,4,0,"Yes","Yes"
631,33,"Private Sector/Self Employed","Yes",1400000,6,1,"No","Yes"
1524,29,"Private Sector/Self Employed","Yes",1200000,3,0,"No","No"
457,25,"Private Sector/Self Employed","No",1150000,4,0,"No","No"
148,25,"Private Sector/Self Employed","Yes",1400000,4,0,"No","Yes"
1569,27,"Government Sector","Yes",5e+05,5,0,"No","No"
283,26,"Private Sector/Self Employed","Yes",6e+05,4,0,"Yes","No"
795,32,"Government Sector","Yes",350000,3,0,"No","No"
1107,26,"Private Sector/Self Employed","Yes",1400000,5,0,"No","Yes"
415,28,"Government Sector","Yes",6e+05,5,0,"No","No"
1889,31,"Government Sector","Yes",1300000,6,0,"No","No"
662,26,"Private Sector/Self Employed","Yes",5e+05,6,0,"No","No"
264,29,"Private Sector/Self Employed","Yes",350000,9,1,"No","No"
887,28,"Government Sector","Yes",6e+05,4,0,"No","No"
288,29,"Private Sector/Self Employed","Yes",1100000,4,0,"No","No"
876,28,"Private Sector/Self Employed","Yes",8e+05,4,1,"No","No"
54,29,"Private Sector/Self Employed","Yes",1200000,7,0,"No","No"
330,35,"Private Sector/Self Employed","No",8e+05,4,0,"No","No"
1411,29,"Private Sector/Self Employed","Yes",1200000,3,1,"No","No"
1485,34,"Private Sector/Self Employed","Yes",5e+05,4,0,"No","No"
950,28,"Private Sector/Self Employed","Yes",550000,5,0,"No","No"
1336,28,"Private Sector/Self Employed","Yes",9e+05,3,0,"No","No"
1163,29,"Private Sector/Self Employed","Yes",9e+05,3,0,"No","No"
174,34,"Private Sector/Self Employed","Yes",7e+05,6,0,"Yes","No"
1244,25,"Private Sector/Self Employed","No",1150000,3,1,"No","Yes"
1165,28,"Private Sector/Self Employed","Yes",1150000,2,0,"No","No"
62,28,"Private Sector/Self Employed","Yes",8e+05,4,0,"Yes","No"
386,28,"Private Sector/Self Employed","Yes",1350000,5,0,"No","Yes"
1688,31,"Private Sector/Self Employed","Yes",1250000,8,0,"No","No"
1086,28,"Government Sector","Yes",3e+05,3,0,"No","No"
1169,25,"Private Sector/Self Employed","Yes",1400000,7,0,"No","Yes"
656,31,"Private Sector/Self Employed","Yes",5e+05,6,1,"No","No"
1410,28,"Private Sector/Self Employed","Yes",550000,8,0,"No","No"
173,26,"Private Sector/Self Employed","Yes",450000,5,1,"No","No"
303,31,"Government Sector","No",3e+05,3,0,"No","No"
1124,29,"Private Sector/Self Employed","Yes",1100000,5,0,"Yes","No"
722,33,"Government Sector","Yes",4e+05,8,0,"No","No"
1586,28,"Private Sector/Self Employed","Yes",1450000,4,0,"Yes","Yes"
1395,35,"Government Sector","Yes",1100000,2,1,"No","No"
209,25,"Private Sector/Self Employed","No",1700000,3,1,"Yes","No"
1649,28,"Private Sector/Self Employed","Yes",1150000,4,1,"No","No"
1002,29,"Private Sector/Self Employed","Yes",5e+05,8,0,"No","No"
725,30,"Private Sector/Self Employed","No",8e+05,4,0,"No","No"
547,26,"Private Sector/Self Employed","Yes",1400000,4,1,"No","Yes"
1075,32,"Government Sector","Yes",650000,5,0,"Yes","No"
1033,31,"Private Sector/Self Employed","Yes",1250000,4,0,"No","No"
451,28,"Private Sector/Self Employed","Yes",8e+05,4,0,"No","No"
77,31,"Government Sector","No",4e+05,4,0,"No","No"
1226,34,"Private Sector/Self Employed","Yes",1500000,5,0,"Yes","Yes"
586,28,"Government Sector","Yes",3e+05,7,0,"No","No"
1710,31,"Private Sector/Self Employed","Yes",1350000,4,0,"No","Yes"
399,35,"Private Sector/Self Employed","No",8e+05,5,0,"No","No"
152,28,"Private Sector/Self Employed","Yes",1200000,5,0,"Yes","No"
378,25,"Private Sector/Self Employed","Yes",1700000,5,0,"Yes","No"
1574,28,"Private Sector/Self Employed","No",550000,7,0,"No","No"
708,34,"Private Sector/Self Employed","Yes",1e+06,3,0,"No","No"
858,27,"Government Sector","Yes",1050000,5,0,"Yes","No"
478,29,"Private Sector/Self Employed","Yes",9e+05,4,0,"No","No"
1386,28,"Private Sector/Self Employed","Yes",5e+05,4,0,"No","No"
1981,27,"Government Sector","Yes",850000,3,0,"No","No"
897,31,"Government Sector","Yes",1300000,5,1,"No","No"
616,27,"Government Sector","Yes",750000,7,1,"No","Yes"
745,28,"Government Sector","Yes",6e+05,3,0,"Yes","No"
1099,35,"Private Sector/Self Employed","No",8e+05,6,0,"No","No"
45,34,"Private Sector/Self Employed","No",1400000,5,1,"No","Yes"
1942,28,"Private Sector/Self Employed","Yes",9e+05,5,0,"No","No"
467,26,"Government Sector","Yes",5e+05,5,0,"No","No"
453,31,"Private Sector/Self Employed","Yes",1100000,3,0,"No","No"
196,34,"Private Sector/Self Employed","Yes",1e+06,7,0,"No","No"
999,34,"Private Sector/Self Employed","Yes",1300000,6,0,"No","No"
657,28,"Private Sector/Self Employed","Yes",1200000,5,0,"No","No"
225,31,"Private Sector/Self Employed","Yes",1250000,2,0,"No","No"
1832,29,"Private Sector/Self Employed","Yes",1050000,5,0,"No","No"
1334,25,"Government Sector","Yes",750000,3,0,"No","Yes"
1656,26,"Private Sector/Self Employed","Yes",6e+05,3,0,"No","No"
1986,34,"Private Sector/Self Employed","Yes",5e+05,4,0,"No","No"
89,28,"Government Sector","Yes",3e+05,8,0,"No","No"
550,34,"Private Sector/Self Employed","Yes",1050000,5,0,"No","No"
615,28,"Government Sector","Yes",3e+05,3,1,"No","No"
1032,32,"Government Sector","Yes",850000,3,0,"No","No"
778,27,"Government Sector","Yes",850000,6,0,"No","No"
468,28,"Private Sector/Self Employed","Yes",1200000,5,0,"No","No"
634,34,"Private Sector/Self Employed","No",1300000,4,0,"No","No"
268,34,"Private Sector/Self Employed","Yes",5e+05,6,0,"No","No"
574,29,"Private Sector/Self Employed","Yes",1150000,5,0,"Yes","No"
1122,34,"Private Sector/Self Employed","Yes",7e+05,5,0,"Yes","No"
248,34,"Government Sector","Yes",1300000,6,0,"No","No"
1599,27,"Government Sector","Yes",850000,3,0,"No","No"
70,34,"Government Sector","Yes",1300000,4,0,"No","No"
100,28,"Private Sector/Self Employed","Yes",1300000,6,1,"No","No"
1693,31,"Government Sector","Yes",1300000,2,0,"Yes","No"
592,25,"Private Sector/Self Employed","Yes",1700000,4,0,"Yes","No"
519,25,"Private Sector/Self Employed","No",1700000,3,0,"Yes","No"
549,28,"Government Sector","No",3e+05,5,1,"No","No"
1565,28,"Private Sector/Self Employed","Yes",8e+05,2,0,"No","No"
1247,26,"Private Sector/Self Employed","Yes",5e+05,7,0,"No","No"
1208,31,"Government Sector","Yes",1200000,9,0,"No","No"
968,31,"Private Sector/Self Employed","Yes",1250000,5,1,"No","No"
970,27,"Private Sector/Self Employed","No",450000,7,0,"No","No"
841,34,"Private Sector/Self Employed","Yes",1500000,3,0,"Yes","Yes"
266,31,"Government Sector","Yes",4e+05,5,0,"No","No"
1865,26,"Private Sector/Self Employed","Yes",1400000,6,0,"No","Yes"
13,31,"Government Sector","Yes",1500000,6,0,"Yes","Yes"
682,26,"Private Sector/Self Employed","Yes",1500000,5,1,"Yes","Yes"
410,28,"Private Sector/Self Employed","No",550000,4,0,"No","No"
1956,32,"Government Sector","Yes",350000,3,1,"No","Yes"
0,31,"Government Sector","Yes",4e+05,6,1,"No","No"
579,33,"Government Sector","Yes",4e+05,3,0,"No","No"
1308,31,"Private Sector/Self Employed","Yes",1250000,7,1,"No","No"
1775,33,"Government Sector","Yes",1100000,8,0,"No","No"
1398,31,"Private Sector/Self Employed","Yes",1400000,3,0,"Yes","Yes"
1113,33,"Government Sector","Yes",4e+05,5,0,"No","No"
1584,28,"Government Sector","Yes",3e+05,3,0,"No","No"
254,28,"Government Sector","Yes",1200000,5,0,"No","No"
607,28,"Private Sector/Self Employed","Yes",550000,8,1,"No","No"
984,28,"Private Sector/Self Employed","Yes",550000,5,1,"No","No"
1432,28,"Private Sector/Self Employed","Yes",7e+05,3,0,"No","No"
403,28,"Private Sector/Self Employed","Yes",8e+05,8,1,"No","No"
1592,25,"Private Sector/Self Employed","No",1700000,5,0,"Yes","No"
886,31,"Private Sector/Self Employed","Yes",1350000,3,0,"No","Yes"
8,28,"Private Sector/Self Employed","Yes",1450000,6,1,"Yes","Yes"
1557,32,"Government Sector","Yes",8e+05,7,0,"No","No"
847,29,"Private Sector/Self Employed","Yes",1050000,4,0,"No","No"
240,27,"Private Sector/Self Employed","No",350000,7,0,"No","No"
222,28,"Private Sector/Self Employed","Yes",1200000,3,0,"No","No"
1458,28,"Private Sector/Self Employed","Yes",8e+05,4,0,"No","No"
416,31,"Private Sector/Self Employed","Yes",1400000,7,0,"No","Yes"
1079,34,"Private Sector/Self Employed","Yes",1e+06,3,0,"No","No"
528,25,"Private Sector/Self Employed","No",1150000,5,0,"No","No"
1435,34,"Private Sector/Self Employed","Yes",5e+05,4,0,"No","No"
1945,28,"Private Sector/Self Employed","No",550000,4,1,"No","Yes"
1618,28,"Government Sector","Yes",3e+05,4,0,"No","No"
1744,28,"Private Sector/Self Employed","No",550000,6,1,"No","No"
1757,25,"Private Sector/Self Employed","No",1150000,7,0,"No","No"
585,34,"Private Sector/Self Employed","No",1400000,7,1,"No","Yes"
1245,26,"Private Sector/Self Employed","Yes",1400000,3,0,"No","Yes"
156,28,"Private Sector/Self Employed","Yes",9e+05,4,0,"Yes","No"
1960,28,"Government Sector","Yes",3e+05,6,0,"No","No"
431,28,"Private Sector/Self Employed","Yes",5e+05,6,0,"No","No"
1602,28,"Private Sector/Self Employed","Yes",7e+05,5,0,"No","No"
537,29,"Private Sector/Self Employed","Yes",6e+05,8,1,"No","No"
628,28,"Private Sector/Self Employed","Yes",1150000,9,0,"No","No"
485,27,"Private Sector/Self Employed","No",450000,4,0,"No","No"
337,30,"Private Sector/Self Employed","No",550000,7,0,"Yes","No"
546,28,"Private Sector/Self Employed","Yes",550000,3,0,"No","No"
1076,31,"Private Sector/Self Employed","Yes",1350000,4,0,"No","Yes"
640,27,"Private Sector/Self Employed","No",8e+05,5,0,"No","No"
1393,33,"Government Sector","Yes",1e+06,4,0,"Yes","Yes"
1617,28,"Private Sector/Self Employed","Yes",1150000,7,1,"No","No"
367,31,"Government Sector","Yes",1300000,4,0,"No","No"
205,29,"Private Sector/Self Employed","Yes",1150000,4,1,"No","Yes"
349,28,"Private Sector/Self Employed","Yes",5e+05,3,0,"No","No"
64,30,"Private Sector/Self Employed","No",1450000,9,0,"Yes","Yes"
1356,30,"Private Sector/Self Employed","No",550000,3,0,"Yes","Yes"
1196,28,"Government Sector","Yes",3e+05,2,0,"No","No"
1370,28,"Private Sector/Self Employed","Yes",8e+05,6,0,"No","No"
758,33,"Private Sector/Self Employed","Yes",1400000,6,1,"No","Yes"
680,29,"Private Sector/Self Employed","Yes",1100000,4,1,"No","Yes"
973,26,"Private Sector/Self Employed","Yes",1500000,4,0,"Yes","Yes"
1845,28,"Government Sector","Yes",3e+05,5,0,"No","No"
774,28,"Private Sector/Self Employed","Yes",8e+05,5,0,"Yes","No"
1728,26,"Private Sector/Self Employed","Yes",5e+05,6,0,"No","No"
1921,31,"Government Sector","No",3e+05,5,0,"No","No"
543,34,"Private Sector/Self Employed","Yes",850000,3,1,"No","No"
1418,30,"Private Sector/Self Employed","No",8e+05,4,0,"No","No"
141,25,"Private Sector/Self Employed","Yes",1400000,3,0,"No","Yes"
347,34,"Private Sector/Self Employed","Yes",1300000,6,0,"Yes","No"
1976,32,"Government Sector","Yes",9e+05,6,0,"No","No"
630,28,"Private Sector/Self Employed","Yes",1100000,9,0,"No","No"
816,34,"Private Sector/Self Employed","Yes",1050000,4,0,"No","No"
1045,28,"Private Sector/Self Employed","Yes",1100000,4,1,"No","No"
219,31,"Private Sector/Self Employed","Yes",1250000,9,1,"No","No"
1738,29,"Private Sector/Self Employed","Yes",1200000,8,0,"Yes","No"
1452,31,"Private Sector/Self Employed","Yes",1350000,3,0,"No","Yes"
372,29,"Private Sector/Self Employed","Yes",350000,5,1,"No","No"
413,25,"Private Sector/Self Employed","Yes",1700000,5,0,"Yes","No"
292,27,"Government Sector","Yes",850000,4,0,"No","No"
863,29,"Private Sector/Self Employed","Yes",1100000,3,0,"No","No"
439,28,"Private Sector/Self Employed","Yes",8e+05,3,0,"No","No"
1073,28,"Private Sector/Self Employed","Yes",5e+05,7,0,"No","No"
551,25,"Private Sector/Self Employed","Yes",1400000,9,1,"No","Yes"
106,34,"Private Sector/Self Employed","Yes",1300000,3,0,"No","No"
165,33,"Government Sector","Yes",1e+06,4,0,"No","No"
1326,34,"Private Sector/Self Employed","Yes",7e+05,5,0,"No","No"
540,26,"Private Sector/Self Employed","Yes",1500000,3,0,"Yes","Yes"
622,32,"Government Sector","Yes",8e+05,5,0,"Yes","No"
979,30,"Private Sector/Self Employed","No",650000,4,0,"No","No"
1545,34,"Private Sector/Self Employed","No",1400000,3,0,"Yes","Yes"
1674,34,"Private Sector/Self Employed","No",950000,3,0,"Yes","No"
521,28,"Private Sector/Self Employed","Yes",1100000,6,0,"No","No"
1890,28,"Government Sector","Yes",1200000,5,0,"No","No"
1261,33,"Government Sector","Yes",8e+05,6,1,"No","No"
905,28,"Private Sector/Self Employed","Yes",550000,6,0,"No","Yes"
1714,27,"Government Sector","Yes",5e+05,2,0,"No","No"
1035,34,"Private Sector/Self Employed","Yes",1300000,3,0,"No","No"
966,25,"Private Sector/Self Employed","Yes",1700000,4,1,"Yes","No"
444,28,"Private Sector/Self Employed","Yes",7e+05,4,1,"No","No"
1117,28,"Private Sector/Self Employed","Yes",8e+05,5,1,"No","No"
409,28,"Private Sector/Self Employed","Yes",7e+05,5,0,"No","No"
1591,28,"Government Sector","Yes",3e+05,3,0,"No","No"
1621,31,"Private Sector/Self Employed","Yes",9e+05,4,1,"No","No"
94,34,"Private Sector/Self Employed","Yes",1300000,4,0,"No","No"
1505,27,"Government Sector","Yes",5e+05,4,0,"No","No"
1262,27,"Government Sector","Yes",5e+05,4,0,"No","No"
558,34,"Private Sector/Self Employed","Yes",850000,3,1,"No","No"
370,31,"Government Sector","Yes",1300000,6,0,"No","No"
1008,26,"Private Sector/Self Employed","Yes",1400000,5,0,"No","Yes"
1041,26,"Private Sector/Self Employed","Yes",5e+05,2,1,"No","No"
904,28,"Government Sector","Yes",3e+05,6,0,"No","No"
1675,33,"Private Sector/Self Employed","Yes",750000,7,1,"No","No"
322,28,"Private Sector/Self Employed","Yes",750000,3,0,"No","No"
274,32,"Government Sector","Yes",850000,7,0,"No","No"
991,30,"Private Sector/Self Employed","No",1450000,7,0,"Yes","Yes"
1915,28,"Private Sector/Self Employed","Yes",8e+05,5,0,"No","No"
654,32,"Government Sector","Yes",1750000,6,0,"No","No"
1278,30,"Private Sector/Self Employed","No",550000,3,0,"No","No"
1612,31,"Private Sector/Self Employed","Yes",1400000,6,0,"No","Yes"
74,28,"Private Sector/Self Employed","Yes",7e+05,4,1,"No","No"
135,28,"Private Sector/Self Employed","Yes",8e+05,6,0,"No","Yes"
945,28,"Private Sector/Self Employed","Yes",1200000,9,0,"No","No"
636,25,"Private Sector/Self Employed","Yes",1400000,4,0,"No","Yes"
1587,28,"Private Sector/Self Employed","Yes",750000,3,0,"No","No"
976,26,"Private Sector/Self Employed","Yes",1300000,5,0,"No","No"
560,26,"Private Sector/Self Employed","Yes",1400000,7,0,"No","Yes"
789,28,"Private Sector/Self Employed","Yes",750000,4,0,"No","No"
1657,28,"Private Sector/Self Employed","Yes",550000,4,0,"No","No"
1177,34,"Private Sector/Self Employed","Yes",7e+05,2,1,"Yes","No"
1321,31,"Government Sector","No",3e+05,7,0,"No","No"
981,27,"Government Sector","Yes",750000,3,0,"No","No"
481,29,"Private Sector/Self Employed","Yes",1100000,4,0,"No","No"
1642,31,"Private Sector/Self Employed","Yes",1250000,7,0,"No","No"
920,32,"Government Sector","Yes",650000,5,0,"No","No"
1184,35,"Private Sector/Self Employed","No",8e+05,4,0,"No","No"
1227,29,"Private Sector/Self Employed","Yes",1050000,7,0,"No","No"
195,25,"Private Sector/Self Employed","Yes",1400000,5,0,"Yes","Yes"
840,28,"Private Sector/Self Employed","Yes",1100000,3,0,"No","No"
693,27,"Private Sector/Self Employed","No",8e+05,5,1,"No","No"
738,28,"Private Sector/Self Employed","Yes",8e+05,7,0,"Yes","No"
1581,33,"Private Sector/Self Employed","Yes",550000,6,0,"No","No"
1888,26,"Private Sector/Self Employed","Yes",750000,5,1,"No","No"
1736,33,"Private Sector/Self Employed","Yes",750000,8,1,"No","No"
1023,25,"Private Sector/Self Employed","Yes",1400000,3,0,"No","Yes"
250,34,"Private Sector/Self Employed","Yes",1e+06,6,1,"No","No"
42,26,"Private Sector/Self Employed","Yes",1500000,2,1,"Yes","Yes"
1012,29,"Private Sector/Self Employed","Yes",1200000,5,0,"No","No"
1622,34,"Private Sector/Self Employed","Yes",1e+06,9,0,"No","No"
828,34,"Private Sector/Self Employed","Yes",1e+06,6,1,"No","No"
1681,29,"Private Sector/Self Employed","Yes",1050000,7,0,"No","No"
660,28,"Government Sector","Yes",3e+05,4,0,"No","No"
900,29,"Private Sector/Self Employed","Yes",1050000,3,1,"Yes","No"
212,28,"Private Sector/Self Employed","Yes",750000,5,1,"No","No"
1062,32,"Government Sector","Yes",650000,4,0,"No","No"
1950,28,"Private Sector/Self Employed","Yes",1250000,6,0,"No","Yes"
1721,30,"Private Sector/Self Employed","No",1450000,2,1,"Yes","Yes"
1725,28,"Private Sector/Self Employed","Yes",7e+05,3,0,"No","No"
1046,33,"Government Sector","Yes",4e+05,5,1,"No","No"
624,34,"Private Sector/Self Employed","Yes",1e+06,9,0,"No","No"
712,28,"Private Sector/Self Employed","Yes",1450000,9,0,"Yes","Yes"
136,29,"Private Sector/Self Employed","Yes",5e+05,6,0,"No","No"
1663,28,"Private Sector/Self Employed","Yes",1250000,3,0,"No","No"
46,25,"Private Sector/Self Employed","Yes",1400000,4,0,"No","Yes"
203,28,"Private Sector/Self Employed","Yes",1100000,4,1,"No","No"
1711,28,"Private Sector/Self Employed","Yes",1100000,4,0,"No","No"
1440,34,"Private Sector/Self Employed","Yes",850000,5,0,"No","No"
1111,34,"Private Sector/Self Employed","Yes",5e+05,3,0,"No","No"
1620,27,"Government Sector","Yes",850000,4,1,"No","No"
1542,28,"Private Sector/Self Employed","Yes",8e+05,3,0,"No","No"
345,29,"Private Sector/Self Employed","Yes",1200000,5,0,"No","Yes"
390,33,"Private Sector/Self Employed","Yes",550000,5,0,"No","No"
1846,32,"Government Sector","Yes",850000,4,0,"No","No"
79,31,"Government Sector","No",4e+05,5,1,"No","No"
1872,29,"Private Sector/Self Employed","Yes",1050000,7,0,"No","No"
1676,27,"Government Sector","Yes",1050000,7,0,"No","No"
235,30,"Private Sector/Self Employed","No",550000,4,0,"No","No"
944,33,"Government Sector","Yes",6e+05,3,0,"No","No"
1680,31,"Government Sector","Yes",1300000,8,0,"No","No"
912,31,"Private Sector/Self Employed","Yes",1400000,6,0,"Yes","Yes"
489,30,"Private Sector/Self Employed","No",8e+05,9,0,"No","No"
405,32,"Government Sector","Yes",850000,6,0,"No","No"
81,25,"Private Sector/Self Employed","No",1150000,8,0,"No","No"
67,34,"Private Sector/Self Employed","Yes",1500000,3,0,"Yes","Yes"
655,28,"Private Sector/Self Employed","Yes",7e+05,4,0,"No","No"
1984,28,"Private Sector/Self Employed","Yes",1150000,6,1,"No","No"
1084,29,"Private Sector/Self Employed","Yes",1050000,4,0,"No","No"
1716,31,"Private Sector/Self Employed","Yes",1250000,3,0,"No","No"
1843,28,"Private Sector/Self Employed","Yes",1200000,4,0,"No","No"
1455,33,"Government Sector","Yes",1100000,4,0,"No","No"
1810,27,"Private Sector/Self Employed","No",350000,4,0,"No","No"
1560,28,"Private Sector/Self Employed","Yes",1200000,4,0,"No","No"
1601,28,"Private Sector/Self Employed","Yes",1250000,4,1,"No","No"
317,32,"Government Sector","Yes",8e+05,6,0,"No","No"
580,31,"Private Sector/Self Employed","Yes",1250000,4,0,"No","No"
1270,31,"Government Sector","No",350000,3,0,"No","No"
427,25,"Private Sector/Self Employed","Yes",1400000,7,0,"Yes","Yes"
1222,29,"Private Sector/Self Employed","Yes",1350000,3,1,"Yes","Yes"
1434,34,"Private Sector/Self Employed","Yes",1750000,3,0,"Yes","No"
1251,28,"Private Sector/Self Employed","Yes",5e+05,5,1,"No","No"
771,29,"Private Sector/Self Employed","Yes",5e+05,7,0,"No","No"
852,27,"Government Sector","Yes",5e+05,3,1,"No","No"
1712,28,"Private Sector/Self Employed","Yes",1400000,4,0,"No","Yes"
213,26,"Private Sector/Self Employed","Yes",1400000,5,0,"Yes","Yes"
1091,34,"Private Sector/Self Employed","Yes",1500000,9,0,"Yes","Yes"
202,28,"Private Sector/Self Employed","Yes",6e+05,7,0,"No","No"
1387,30,"Private Sector/Self Employed","No",650000,6,1,"No","No"
193,34,"Private Sector/Self Employed","No",1300000,5,1,"No","No"
515,27,"Government Sector","Yes",850000,7,0,"Yes","No"
1953,34,"Government Sector","Yes",1300000,7,0,"No","No"
105,28,"Private Sector/Self Employed","Yes",750000,3,0,"No","No"
846,28,"Private Sector/Self Employed","Yes",7e+05,4,0,"No","No"
1011,35,"Private Sector/Self Employed","No",950000,9,0,"No","No"
1724,28,"Private Sector/Self Employed","Yes",9e+05,4,0,"Yes","No"
577,27,"Government Sector","Yes",5e+05,3,0,"No","No"
138,28,"Private Sector/Self Employed","Yes",1150000,4,0,"No","No"
1057,28,"Private Sector/Self Employed","Yes",7e+05,6,1,"No","No"
1225,31,"Government Sector","No",350000,3,1,"No","No"
1366,31,"Government Sector","No",1750000,2,0,"No","No"
1443,29,"Private Sector/Self Employed","Yes",1200000,7,1,"No","No"
242,33,"Government Sector","Yes",4e+05,4,0,"No","No"
6,31,"Government Sector","Yes",1300000,4,0,"No","No"
78,31,"Government Sector","Yes",1300000,3,0,"No","Yes"
867,33,"Private Sector/Self Employed","Yes",750000,5,0,"No","No"
1958,31,"Government Sector","Yes",1300000,3,1,"No","No"
977,34,"Private Sector/Self Employed","Yes",1500000,2,0,"Yes","Yes"
426,25,"Private Sector/Self Employed","Yes",5e+05,5,0,"No","No"
923,28,"Private Sector/Self Employed","Yes",1100000,4,1,"Yes","No"
910,34,"Government Sector","Yes",1300000,4,0,"No","No"
691,31,"Private Sector/Self Employed","Yes",950000,3,0,"Yes","No"
364,31,"Government Sector","Yes",1200000,6,0,"No","No"
1382,28,"Private Sector/Self Employed","Yes",1400000,4,0,"No","Yes"
903,28,"Government Sector","Yes",6e+05,4,0,"No","No"
1083,25,"Private Sector/Self Employed","No",1150000,8,0,"No","No"
1932,35,"Private Sector/Self Employed","No",8e+05,4,1,"No","No"
204,32,"Government Sector","Yes",9e+05,4,0,"Yes","No"
1306,28,"Private Sector/Self Employed","Yes",7e+05,5,1,"No","No"
102,29,"Private Sector/Self Employed","Yes",5e+05,3,1,"No","No"
1082,29,"Private Sector/Self Employed","Yes",1200000,8,1,"No","No"
1625,28,"Government Sector","Yes",3e+05,3,1,"No","No"
1933,28,"Private Sector/Self Employed","Yes",550000,4,1,"Yes","No"
1797,28,"Private Sector/Self Employed","Yes",8e+05,3,1,"No","No"
1572,25,"Private Sector/Self Employed","No",1150000,5,0,"Yes","No"
676,29,"Private Sector/Self Employed","Yes",1200000,7,1,"No","No"
1683,28,"Private Sector/Self Employed","Yes",8e+05,4,0,"Yes","No"
1677,28,"Government Sector","Yes",3e+05,3,1,"No","No"
606,28,"Private Sector/Self Employed","Yes",8e+05,3,0,"No","No"
1152,28,"Government Sector","Yes",3e+05,4,0,"No","No"
614,34,"Private Sector/Self Employed","Yes",1e+06,5,1,"No","No"
449,31,"Private Sector/Self Employed","Yes",5e+05,3,1,"No","No"
1961,26,"Government Sector","Yes",5e+05,3,0,"No","No"
1573,33,"Government Sector","Yes",650000,4,1,"No","No"
720,27,"Government Sector","Yes",850000,2,0,"No","Yes"
735,28,"Government Sector","Yes",3e+05,4,0,"No","No"
1886,32,"Government Sector","Yes",350000,6,0,"No","No"
759,34,"Private Sector/Self Employed","Yes",7e+05,7,1,"No","No"
1662,28,"Private Sector/Self Employed","Yes",550000,6,0,"Yes","No"
1246,26,"Private Sector/Self Employed","Yes",1250000,4,0,"No","No"
1175,33,"Government Sector","Yes",4e+05,4,1,"No","No"
1320,31,"Private Sector/Self Employed","Yes",1350000,3,0,"Yes","Yes"
1130,28,"Private Sector/Self Employed","Yes",550000,5,0,"Yes","No"
1121,34,"Private Sector/Self Employed","Yes",1e+06,6,1,"No","No"
1423,33,"Private Sector/Self Employed","Yes",550000,8,0,"No","No"
776,25,"Private Sector/Self Employed","Yes",1400000,6,0,"Yes","Yes"
1826,29,"Private Sector/Self Employed","Yes",1200000,6,0,"No","No"
1003,31,"Private Sector/Self Employed","Yes",1250000,5,1,"No","No"
527,28,"Private Sector/Self Employed","Yes",7e+05,4,1,"No","No"
1268,33,"Government Sector","Yes",1e+06,5,0,"No","Yes"
578,34,"Private Sector/Self Employed","Yes",1e+06,4,0,"No","No"
699,32,"Government Sector","Yes",8e+05,3,1,"Yes","No"
802,30,"Private Sector/Self Employed","No",550000,5,1,"No","No"
1924,33,"Private Sector/Self Employed","Yes",750000,3,1,"No","No"
1511,26,"Private Sector/Self Employed","Yes",1300000,5,0,"No","No"
1539,33,"Private Sector/Self Employed","Yes",550000,7,1,"Yes","No"
748,28,"Private Sector/Self Employed","Yes",650000,5,0,"No","Yes"
898,31,"Government Sector","Yes",1300000,5,0,"No","No"
1174,30,"Private Sector/Self Employed","No",8e+05,4,1,"Yes","No"
352,31,"Private Sector/Self Employed","Yes",1350000,6,0,"No","Yes"
363,34,"Government Sector","Yes",1300000,4,0,"No","No"
1149,25,"Private Sector/Self Employed","Yes",1400000,5,0,"Yes","Yes"
1534,33,"Government Sector","Yes",1750000,6,0,"No","No"
1794,28,"Private Sector/Self Employed","Yes",1450000,5,0,"Yes","Yes"
1670,34,"Private Sector/Self Employed","Yes",1050000,8,1,"No","No"
1424,31,"Government Sector","Yes",4e+05,9,0,"No","No"
1887,31,"Private Sector/Self Employed","Yes",9e+05,5,0,"No","No"
257,33,"Private Sector/Self Employed","Yes",550000,5,0,"No","No"
605,28,"Private Sector/Self Employed","Yes",1250000,5,0,"No","Yes"
1426,26,"Government Sector","Yes",5e+05,6,1,"No","No"
1578,27,"Government Sector","Yes",5e+05,6,1,"No","No"
1335,25,"Government Sector","Yes",750000,5,1,"Yes","No"
164,28,"Government Sector","Yes",3e+05,6,0,"No","No"
1935,33,"Government Sector","Yes",1e+06,6,0,"Yes","No"
116,28,"Private Sector/Self Employed","Yes",1150000,5,0,"No","No"
1381,25,"Private Sector/Self Employed","Yes",1400000,4,1,"No","Yes"
1559,34,"Private Sector/Self Employed","Yes",1050000,3,1,"No","No"
1605,26,"Private Sector/Self Employed","Yes",450000,4,0,"No","No"
1715,28,"Private Sector/Self Employed","Yes",8e+05,6,1,"No","No"
243,26,"Private Sector/Self Employed","Yes",750000,6,0,"No","No"
15,34,"Private Sector/Self Employed","Yes",7e+05,7,0,"No","No"
1267,31,"Private Sector/Self Employed","Yes",1350000,3,0,"Yes","Yes"
1477,34,"Private Sector/Self Employed","Yes",1e+06,5,0,"No","No"
698,33,"Private Sector/Self Employed","Yes",1200000,7,0,"No","No"
1850,28,"Government Sector","Yes",3e+05,5,0,"No","No"
1344,25,"Private Sector/Self Employed","Yes",1700000,3,0,"Yes","No"
1145,28,"Private Sector/Self Employed","Yes",5e+05,5,0,"No","No"
1873,34,"Private Sector/Self Employed","Yes",1e+06,3,0,"No","No"
1269,31,"Government Sector","Yes",1200000,3,0,"No","No"
1879,27,"Private Sector/Self Employed","No",350000,2,0,"No","No"
1944,34,"Private Sector/Self Employed","Yes",1500000,4,1,"Yes","Yes"
1137,35,"Private Sector/Self Employed","No",8e+05,5,0,"No","No"
788,34,"Private Sector/Self Employed","Yes",5e+05,7,0,"No","No"
1038,30,"Private Sector/Self Employed","No",550000,4,0,"No","No"
829,26,"Private Sector/Self Employed","Yes",6e+05,5,0,"No","No"
768,34,"Private Sector/Self Employed","Yes",1500000,5,0,"Yes","Yes"
922,29,"Private Sector/Self Employed","Yes",9e+05,4,0,"No","No"
359,25,"Private Sector/Self Employed","No",1150000,3,0,"No","No"
1160,29,"Private Sector/Self Employed","Yes",1050000,3,1,"No","No"
223,30,"Private Sector/Self Employed","No",650000,3,0,"No","No"
849,34,"Government Sector","Yes",1300000,4,0,"No","No"
1780,31,"Private Sector/Self Employed","Yes",950000,3,0,"Yes","No"
123,27,"Government Sector","Yes",850000,3,0,"No","No"
1678,31,"Private Sector/Self Employed","Yes",1350000,7,0,"Yes","Yes"
1837,34,"Private Sector/Self Employed","Yes",1300000,5,0,"No","Yes"
1360,34,"Private Sector/Self Employed","Yes",1300000,2,0,"No","No"
1329,33,"Private Sector/Self Employed","Yes",1400000,4,0,"No","Yes"
906,34,"Government Sector","Yes",1300000,5,1,"No","No"
1968,28,"Government Sector","Yes",3e+05,5,1,"No","No"
191,30,"Private Sector/Self Employed","No",650000,3,0,"No","Yes"
1530,26,"Private Sector/Self Employed","Yes",5e+05,5,0,"No","No"
1522,31,"Government Sector","No",4e+05,3,0,"No","No"
1501,28,"Private Sector/Self Employed","Yes",8e+05,4,0,"No","No"
1143,27,"Government Sector","Yes",5e+05,4,0,"No","No"
941,34,"Private Sector/Self Employed","Yes",1e+06,5,0,"No","No"
1132,34,"Government Sector","Yes",1300000,4,0,"No","No"
501,31,"Private Sector/Self Employed","Yes",1250000,3,0,"No","No"
962,33,"Government Sector","Yes",1e+06,5,0,"No","No"
400,29,"Private Sector/Self Employed","Yes",1200000,4,0,"Yes","No"
206,25,"Private Sector/Self Employed","No",1150000,5,1,"No","No"
33,32,"Government Sector","Yes",850000,3,0,"No","No"
1778,28,"Private Sector/Self Employed","Yes",750000,4,0,"Yes","No"
1609,27,"Government Sector","Yes",5e+05,3,1,"No","No"
215,33,"Government Sector","Yes",1100000,5,0,"No","No"
